skill,supply,demand,Supply Difference,Demand Difference,sup,dem
Scripting,4.48,36.64,-32.16,32.16,10.89494163,89.10505837
Redis,2.34,17.62,-15.28,15.28,11.72344689,88.27655311
Machine learning,0.32,11,-10.68,10.68,2.826855124,97.17314488
Apis,7.2,17.28,-10.08,10.08,29.41176471,70.58823529
Analytics,13.47,23.08,-9.61,9.61,36.85362517,63.14637483
Sass,2.63,11.97,-9.34,9.34,18.01369863,81.98630137
Reliability,2.91,12.13,-9.22,9.22,19.34840426,80.65159574
Iteration,0.98,9.72,-8.74,8.74,9.158878505,90.8411215
Data Mining,10.03,18.76,-8.73,8.73,34.83848559,65.16151441
Modeling,5.82,14.02,-8.2,8.2,29.33467742,70.66532258
Automate,10.75,18.84,-8.09,8.09,36.32984116,63.67015884
Ticketing,2.12,9.94,-7.82,7.82,17.5787728,82.4212272
Scaling,1.81,7.95,-6.14,6.14,18.54508197,81.45491803
Assemblies,0.23,6.36,-6.13,6.13,3.490136571,96.50986343
Transformer,0.7,6.25,-5.55,5.55,10.07194245,89.92805755
Test Planning,0.32,5.32,-5,5,5.673758865,94.32624113
Construction,6.97,11.72,-4.75,4.75,37.29266988,62.70733012
Optimization,8.77,13.32,-4.55,4.55,39.70122227,60.29877773
Autocad,1.64,6.01,-4.37,4.37,21.4379085,78.5620915
Programming,38.11,42.07,-3.96,3.96,47.53055625,52.46944375
Visualization,5.46,9.14,-3.68,3.68,37.39726027,62.60273973
Containers,0.85,4.53,-3.68,3.68,15.79925651,84.20074349
Emerging,6.2,9.45,-3.25,3.25,39.61661342,60.38338658
Workflows,2.46,5.7,-3.24,3.24,30.14705882,69.85294118
Piping,0.17,3.36,-3.19,3.19,4.815864023,95.18413598
Electronics,5.52,8.64,-3.12,3.12,38.98305085,61.01694915
Experience Design,0.68,3.7,-3.02,3.02,15.52511416,84.47488584
C,3.61,6.3,-2.69,2.69,36.42785066,63.57214934
Compiler,0.32,2.86,-2.54,2.54,10.06289308,89.93710692
Querying,1.19,3.71,-2.52,2.52,24.28571429,75.71428571
Security,30.52,32.84,-2.32,2.32,48.16919192,51.83080808
Root Cause Analysis,0.87,3.09,-2.22,2.22,21.96969697,78.03030303
AWS,2.63,4.78,-2.15,2.15,35.4925776,64.5074224
Automated Testing,0.74,2.87,-2.13,2.13,20.49861496,79.50138504
Product Quality,0.47,2.58,-2.11,2.11,15.40983607,84.59016393
Promises,0.06,2.15,-2.09,2.09,2.714932127,97.28506787
Solidworks,0.4,2.43,-2.03,2.03,14.13427562,85.86572438
Quality System,0.38,2.3,-1.92,1.92,14.17910448,85.82089552
Scala,12.38,14.08,-1.7,1.7,46.78760393,53.21239607
Diagram,2.44,4.12,-1.68,1.68,37.19512195,62.80487805
Test Cases,3.02,4.64,-1.62,1.62,39.42558747,60.57441253
Refining,0.7,2.3,-1.6,1.6,23.33333333,76.66666667
Cybersecurity,0.89,2.45,-1.56,1.56,26.64670659,73.35329341
Six Sigma,1.13,2.66,-1.53,1.53,29.81530343,70.18469657
Prototypes,2.46,3.97,-1.51,1.51,38.25816485,61.74183515
Powershell,0.45,1.9,-1.45,1.45,19.14893617,80.85106383
VMWare,2.97,4.4,-1.43,1.43,40.29850746,59.70149254
Sql,11.26,12.62,-1.36,1.36,47.15242881,52.84757119
Product Initiatives,0.04,1.34,-1.3,1.3,2.898550725,97.10144928
Concrete,0.45,1.74,-1.29,1.29,20.54794521,79.45205479
Microsoft Windows,2.02,3.2,-1.18,1.18,38.69731801,61.30268199
Relational Databases,1.55,2.72,-1.17,1.17,36.29976581,63.70023419
Recruitment,8.96,10.07,-1.11,1.11,47.08355229,52.91644771
Deviations,0.42,1.5,-1.08,1.08,21.875,78.125
Prototype,2.93,3.97,-1.04,1.04,42.46376812,57.53623188
Scripting Languages,0.7,1.7,-1,1,29.16666667,70.83333333
Safety Training,0.3,1.3,-1,1,18.75,81.25
Regression Testing,0.89,1.81,-0.92,0.92,32.96296296,67.03703704
Plastics,0.34,1.25,-0.91,0.91,21.3836478,78.6163522
Wireframe,0.53,1.42,-0.89,0.89,27.17948718,72.82051282
Design Processes,0.08,0.96,-0.88,0.88,7.692307692,92.30769231
User Story,0.23,1.09,-0.86,0.86,17.42424242,82.57575758
5s,0.17,1.03,-0.86,0.86,14.16666667,85.83333333
Apache Ant,0.04,0.9,-0.86,0.86,4.255319149,95.74468085
Test Strategy,0.3,1.15,-0.85,0.85,20.68965517,79.31034483
Tubing,0.02,0.84,-0.82,0.82,2.325581395,97.6744186
Frac,0.3,1.09,-0.79,0.79,21.58273381,78.41726619
Commissioning,2.51,3.27,-0.76,0.76,43.42560554,56.57439446
Change Control,0.66,1.39,-0.73,0.73,32.19512195,67.80487805
Incident Investigation,0.04,0.74,-0.7,0.7,5.128205128,94.87179487
Relays,0.23,0.92,-0.69,0.69,20,80
Sheet Metal,0,0.62,-0.62,0.62,0,100
Containerization,0.89,1.5,-0.61,0.61,37.23849372,62.76150628
Capital Projects,0.21,0.82,-0.61,0.61,20.38834951,79.61165049
Iis,0.36,0.96,-0.6,0.6,27.27272727,72.72727273
Highways,0.11,0.71,-0.6,0.6,13.41463415,86.58536585
Legal,7.63,8.22,-0.59,0.59,48.13880126,51.86119874
Safety Culture,0.02,0.61,-0.59,0.59,3.174603175,96.82539683
Quality Assurance,8.71,9.3,-0.59,0.59,48.3620211,51.6379789
User Acceptance Tests,0.57,1.15,-0.58,0.58,33.13953488,66.86046512
Safety Auditing,0,0.58,-0.58,0.58,0,100
Injection Molding,0.08,0.59,-0.51,0.51,11.94029851,88.05970149
Accident Investigation,0.04,0.54,-0.5,0.5,6.896551724,93.10344828
Quality Auditing,0,0.5,-0.5,0.5,0,100
Etabs,0,0.49,-0.49,0.49,0,100
Black Belt,0.08,0.55,-0.47,0.47,12.6984127,87.3015873
Smed,0.06,0.52,-0.46,0.46,10.34482759,89.65517241
Databases,16.38,16.81,-0.43,0.43,49.35221452,50.64778548
Computer Science,22.03,22.44,-0.41,0.41,49.53901507,50.46098493
Electrical Design,0.08,0.49,-0.41,0.41,14.03508772,85.96491228
Drainage,0.17,0.58,-0.41,0.41,22.66666667,77.33333333
Azure,3.46,3.85,-0.39,0.39,47.33242134,52.66757866
Technical Direction,0.23,0.62,-0.39,0.39,27.05882353,72.94117647
Power Plants,0.06,0.45,-0.39,0.39,11.76470588,88.23529412
Construction Safety,0,0.39,-0.39,0.39,0,100
Mcafee,0.13,0.51,-0.38,0.38,20.3125,79.6875
Stamping,0.06,0.44,-0.38,0.38,12,88
Hazard Analysis,0.04,0.42,-0.38,0.38,8.695652174,91.30434783
Object Oriented Design,0.19,0.57,-0.38,0.38,25,75
Process Design,0.38,0.74,-0.36,0.36,33.92857143,66.07142857
Citrix,1.02,1.37,-0.35,0.35,42.67782427,57.32217573
Vessels,0.08,0.43,-0.35,0.35,15.68627451,84.31372549
Defect Tracking,0.23,0.57,-0.34,0.34,28.75,71.25
Amazon Ses,0.02,0.36,-0.34,0.34,5.263157895,94.73684211
Technical Specification,1.17,1.5,-0.33,0.33,43.82022472,56.17977528
Distillation,0.06,0.36,-0.3,0.3,14.28571429,85.71428571
Power Generation,0.23,0.52,-0.29,0.29,30.66666667,69.33333333
Tdd,0.23,0.52,-0.29,0.29,30.66666667,69.33333333
Emea,1.23,1.51,-0.28,0.28,44.89051095,55.10948905
Tunnels,0.11,0.38,-0.27,0.27,22.44897959,77.55102041
Heat Transfer,0,0.27,-0.27,0.27,0,100
Chst,0.02,0.29,-0.27,0.27,6.451612903,93.5483871
Product Requirements,0.55,0.81,-0.26,0.26,40.44117647,59.55882353
Machine Design,0.04,0.3,-0.26,0.26,11.76470588,88.23529412
Kaizen,0.47,0.72,-0.25,0.25,39.49579832,60.50420168
Design Manager,0.11,0.36,-0.25,0.25,23.40425532,76.59574468
Line Production,0.02,0.27,-0.25,0.25,6.896551724,93.10344828
Structural Analysis,0,0.25,-0.25,0.25,0,100
Cloud Services,1.13,1.37,-0.24,0.24,45.2,54.8
Design Patterns,0.87,1.11,-0.24,0.24,43.93939394,56.06060606
Managing Teams,0.42,0.66,-0.24,0.24,38.88888889,61.11111111
Value Stream Mapping,0.06,0.3,-0.24,0.24,16.66666667,83.33333333
Spacecraft,0,0.24,-0.24,0.24,0,100
Npm,0.13,0.36,-0.23,0.23,26.53061224,73.46938776
Keywords,0.13,0.36,-0.23,0.23,26.53061224,73.46938776
Cranes,0.13,0.34,-0.21,0.21,27.65957447,72.34042553
Thermodynamics,0.04,0.24,-0.2,0.2,14.28571429,85.71428571
Bdd,0.04,0.24,-0.2,0.2,14.28571429,85.71428571
Selenium,1.83,2.03,-0.2,0.2,47.40932642,52.59067358
Turbines,0.02,0.21,-0.19,0.19,8.695652174,91.30434783
Bug Fixing,0.36,0.54,-0.18,0.18,40,60
Power Distribution,0.11,0.29,-0.18,0.18,27.5,72.5
Software Quality Assurance,0.81,0.99,-0.18,0.18,45,55
Thermal,0.57,0.74,-0.17,0.17,43.51145038,56.48854962
Natural Gas,0.11,0.28,-0.17,0.17,28.20512821,71.79487179
High Voltage,0.06,0.23,-0.17,0.17,20.68965517,79.31034483
Design Best Practices,0,0.17,-0.17,0.17,0,100
Propulsion,0,0.17,-0.17,0.17,0,100
User Interactions,0.04,0.21,-0.17,0.17,16,84
Software Architect,0.47,0.63,-0.16,0.16,42.72727273,57.27272727
Systems Monitoring,0.13,0.29,-0.16,0.16,30.95238095,69.04761905
Scale,7.33,7.48,-0.15,0.15,49.49358542,50.50641458
Ui Testing,0.06,0.21,-0.15,0.15,22.22222222,77.77777778
Geda,0.02,0.16,-0.14,0.14,11.11111111,88.88888889
Tooling Design,0,0.14,-0.14,0.14,0,100
Process Simulation,0,0.14,-0.14,0.14,0,100
Ios,2.59,2.72,-0.13,0.13,48.77589454,51.22410546
Scada,0.08,0.21,-0.13,0.13,27.5862069,72.4137931
Machine Tools,0,0.13,-0.13,0.13,0,100
Stress Analysis,0,0.13,-0.13,0.13,0,100
IO,0.08,0.2,-0.12,0.12,28.57142857,71.42857143
Live Events,0.02,0.14,-0.12,0.12,12.5,87.5
Rx,0.02,0.14,-0.12,0.12,12.5,87.5
Budget Projections,0.06,0.17,-0.11,0.11,26.08695652,73.91304348
Iso 9000,0.06,0.17,-0.11,0.11,26.08695652,73.91304348
Med,0.08,0.19,-0.11,0.11,29.62962963,70.37037037
Industrial Safety,0.02,0.13,-0.11,0.11,13.33333333,86.66666667
Verilog,0,0.11,-0.11,0.11,0,100
Autodesk Inventor,0.13,0.24,-0.11,0.11,35.13513514,64.86486486
Dmaic,0.04,0.15,-0.11,0.11,21.05263158,78.94736842
Minitab,0.23,0.33,-0.1,0.1,41.07142857,58.92857143
Soapui,0.21,0.3,-0.09,0.09,41.17647059,58.82352941
Zephyr,0.06,0.15,-0.09,0.09,28.57142857,71.42857143
Gas Turbines,0.02,0.11,-0.09,0.09,15.38461538,84.61538462
Jsa,0,0.09,-0.09,0.09,0,100
Process Optimization,0.28,0.37,-0.09,0.09,43.07692308,56.92307692
Reinforced Concrete,0,0.08,-0.08,0.08,0,100
Ptc Creo,0,0.08,-0.08,0.08,0,100
Autodesk Autocad,0.04,0.11,-0.07,0.07,26.66666667,73.33333333
Staad,0,0.07,-0.07,0.07,0,100
Remote Teams,0.17,0.24,-0.07,0.07,41.46341463,58.53658537
Saas,2.06,2.13,-0.07,0.07,49.1646778,50.8353222
Lending,3.29,3.35,-0.06,0.06,49.54819277,50.45180723
Rfp,0.32,0.38,-0.06,0.06,45.71428571,54.28571429
Microsoft Powershell,0,0.06,-0.06,0.06,0,100
Short Circuit,0,0.06,-0.06,0.06,0,100
Google Suite,0.23,0.28,-0.05,0.05,45.09803922,54.90196078
Web Standards,0.11,0.16,-0.05,0.05,40.74074074,59.25925926
Apple Macos,0,0.05,-0.05,0.05,0,100
Framer,0.04,0.09,-0.05,0.05,30.76923077,69.23076923
Embedded Software,0.13,0.17,-0.04,0.04,43.33333333,56.66666667
Human Centered,0.13,0.17,-0.04,0.04,43.33333333,56.66666667
Switchgear,0.06,0.1,-0.04,0.04,37.5,62.5
Pulp,0.06,0.1,-0.04,0.04,37.5,62.5
Fluid Mechanics,0.04,0.08,-0.04,0.04,33.33333333,66.66666667
Power Transmission,0.04,0.08,-0.04,0.04,33.33333333,66.66666667
Oilfield,0.04,0.08,-0.04,0.04,33.33333333,66.66666667
Erosion Control,0.04,0.08,-0.04,0.04,33.33333333,66.66666667
Mfc,0,0.04,-0.04,0.04,0,100
Altium Designer,0,0.04,-0.04,0.04,0,100
Apache Solr,0,0.04,-0.04,0.04,0,100
Ccp,0,0.04,-0.04,0.04,0,100
Well Control,0,0.04,-0.04,0.04,0,100
Wireshark,0.34,0.38,-0.04,0.04,47.22222222,52.77777778
Power Electronics,0.11,0.14,-0.03,0.03,44,56
Parallel Computing,0.04,0.07,-0.03,0.03,36.36363636,63.63636364
Protective Relays,0.02,0.05,-0.03,0.03,28.57142857,71.42857143
Petrochemical,0.23,0.26,-0.03,0.03,46.93877551,53.06122449
Api Design,0.21,0.24,-0.03,0.03,46.66666667,53.33333333
Hazard Identification,0.08,0.11,-0.03,0.03,42.10526316,57.89473684
Control Systems Design,0,0.03,-0.03,0.03,0,100
Turbomachinery,0,0.03,-0.03,0.03,0,100
Third Party Payments,0,0.03,-0.03,0.03,0,100
Gcp,0.47,0.49,-0.02,0.02,48.95833333,51.04166667
Netsuite Erp,0.02,0.04,-0.02,0.02,33.33333333,66.66666667
Apache Hive,0.02,0.04,-0.02,0.02,33.33333333,66.66666667
Deltek,0.02,0.04,-0.02,0.02,33.33333333,66.66666667
Heuristic Analysis,0.02,0.04,-0.02,0.02,33.33333333,66.66666667
Yardi,0,0.02,-0.02,0.02,0,100
Product Backlog Items,0,0.02,-0.02,0.02,0,100
Autodesk Autocad Civil 3d,0,0.02,-0.02,0.02,0,100
Scalable Infrastructure,0,0.02,-0.02,0.02,0,100
Client Invoicing,0,0.02,-0.02,0.02,0,100
Distributed Storage,0,0.02,-0.02,0.02,0,100
Zemax,0,0.02,-0.02,0.02,0,100
Creo Parametric,0,0.02,-0.02,0.02,0,100
Sap Software,0,0.02,-0.02,0.02,0,100
Projectors,0.42,0.43,-0.01,0.01,49.41176471,50.58823529
Sap Business Objects,0.06,0.07,-0.01,0.01,46.15384615,53.84615385
Llvm,0,0.01,-0.01,0.01,0,100
Modernizr,0,0.01,-0.01,0.01,0,100
Google Big Query,0,0.01,-0.01,0.01,0,100
Nebosh,0,0.01,-0.01,0.01,0,100
Learning Specialist,0,0.01,-0.01,0.01,0,100
Ipython,0.02,0.03,-0.01,0.01,40,60
Haskell,0.02,0.03,-0.01,0.01,40,60
Metro,2.06,2.07,-0.01,0.01,49.87893462,50.12106538
Looker,0.25,0.25,0,0,50,50
Jpos,0.08,0.08,0,0,50,50
Device Drivers,0.04,0.04,0,0,50,50
Optimizing Database,0.02,0.02,0,0,50,50
Credit Operations,0.02,0.02,0,0,50,50
Ab Initio,0.02,0.02,0,0,50,50
Power Protection,0.02,0.02,0,0,50,50
Lua,0.02,0.02,0,0,50,50
F#,0.02,0.02,0,0,50,50
Eta,0.02,0.02,0,0,50,50
Containerisation,0.02,0.02,0,0,50,50
Ucd,0.06,0.05,0.01,-0.01,54.54545455,45.45454545
Zookeeper,0.06,0.05,0.01,-0.01,54.54545455,45.45454545
Gitflow,0.06,0.05,0.01,-0.01,54.54545455,45.45454545
Jreport,0.02,0.01,0.01,-0.01,66.66666667,33.33333333
Bigtable,0.02,0.01,0.01,-0.01,66.66666667,33.33333333
Cocoa Touch,0.02,0.01,0.01,-0.01,66.66666667,33.33333333
Jscript,0.02,0.01,0.01,-0.01,66.66666667,33.33333333
Ibm Notes,0.04,0.03,0.01,-0.01,57.14285714,42.85714286
Cash Balancing,0.04,0.03,0.01,-0.01,57.14285714,42.85714286
Scalable Architecture,0.04,0.03,0.01,-0.01,57.14285714,42.85714286
Session Management,0.04,0.03,0.01,-0.01,57.14285714,42.85714286
System Architecture,0.81,0.8,0.01,-0.01,50.31055901,49.68944099
Product Support,0.36,0.35,0.01,-0.01,50.70422535,49.29577465
Phoenix,0.7,0.68,0.02,-0.02,50.72463768,49.27536232
Stylus,0.06,0.04,0.02,-0.02,60,40
Clearcase,0.08,0.06,0.02,-0.02,57.14285714,42.85714286
Systems Design,1.17,1.15,0.02,-0.02,50.43103448,49.56896552
Substation,0.23,0.21,0.02,-0.02,52.27272727,47.72727273
Sap Business One,0.06,0.03,0.03,-0.03,66.66666667,33.33333333
Apache Maven,0.04,0.01,0.03,-0.03,80,20
Unittest,0.04,0.01,0.03,-0.03,80,20
Jpeg,0.04,0.01,0.03,-0.03,80,20
Omnigraffle,0.11,0.07,0.04,-0.04,61.11111111,38.88888889
Scalable Systems,0.11,0.07,0.04,-0.04,61.11111111,38.88888889
Value Delivery,0.06,0.02,0.04,-0.04,75,25
Color Theory,0.08,0.04,0.04,-0.04,66.66666667,33.33333333
Sdks,0.25,0.21,0.04,-0.04,54.34782609,45.65217391
Symantec,0.55,0.51,0.04,-0.04,51.88679245,48.11320755
Puppet,0.57,0.52,0.05,-0.05,52.29357798,47.70642202
Flowcharts,0.36,0.31,0.05,-0.05,53.73134328,46.26865672
Power Systems,0.36,0.31,0.05,-0.05,53.73134328,46.26865672
Yarn,0.15,0.1,0.05,-0.05,60,40
Facebook Api,0.06,0.01,0.05,-0.05,85.71428571,14.28571429
Apache Cassandra,0.06,0.01,0.05,-0.05,85.71428571,14.28571429
Story Boards,0.06,0.01,0.05,-0.05,85.71428571,14.28571429
Otp,0.06,0.01,0.05,-0.05,85.71428571,14.28571429
Apache Http Server,0.06,0.01,0.05,-0.05,85.71428571,14.28571429
Site Reliability,0.13,0.08,0.05,-0.05,61.9047619,38.0952381
Newrelic,0.08,0.03,0.05,-0.05,72.72727273,27.27272727
Undergraduate Degree,0.76,0.71,0.05,-0.05,51.70068027,48.29931973
Continuous Delivery,0.57,0.51,0.06,-0.06,52.77777778,47.22222222
Scipy,0.23,0.17,0.06,-0.06,57.5,42.5
Multithreading,0.11,0.05,0.06,-0.06,68.75,31.25
Uxpin,0.11,0.05,0.06,-0.06,68.75,31.25
Microsoft Dynamics Gp,0.08,0.02,0.06,-0.06,80,20
Lisp,0.08,0.02,0.06,-0.06,80,20
Cash Forecasting,0.08,0.02,0.06,-0.06,80,20
Progressive Web Apps,0.08,0.02,0.06,-0.06,80,20
Customer Growth,0.08,0.02,0.06,-0.06,80,20
Syspro,0.08,0.02,0.06,-0.06,80,20
Typography,0.34,0.27,0.07,-0.07,55.73770492,44.26229508
Video Production,0.19,0.12,0.07,-0.07,61.29032258,38.70967742
Hibernate Orm,0.08,0.01,0.07,-0.07,88.88888889,11.11111111
Iso 22000,0.08,0.01,0.07,-0.07,88.88888889,11.11111111
Product Requirement Documents,0.08,0.01,0.07,-0.07,88.88888889,11.11111111
Nlp,0.28,0.21,0.07,-0.07,57.14285714,42.85714286
Amazon Redshift,0.11,0.03,0.08,-0.08,78.57142857,21.42857143
Program Design,0.38,0.3,0.08,-0.08,55.88235294,44.11764706
Edge Cases,0.17,0.09,0.08,-0.08,65.38461538,34.61538462
Landing Pages,0.32,0.23,0.09,-0.09,58.18181818,41.81818182
Resource Planning Software,0.11,0.02,0.09,-0.09,84.61538462,15.38461538
Apache Hadoop,0.11,0.02,0.09,-0.09,84.61538462,15.38461538
XMPP,0.11,0.02,0.09,-0.09,84.61538462,15.38461538
Dhtml,0.17,0.08,0.09,-0.09,68,32
User Flows,0.53,0.44,0.09,-0.09,54.63917526,45.36082474
Global Management,0.15,0.05,0.1,-0.1,75,25
Microstrategy,0.15,0.05,0.1,-0.1,75,25
Memcached,0.17,0.07,0.1,-0.1,70.83333333,29.16666667
Microsoft Dynamics Erp,0.13,0.03,0.1,-0.1,81.25,18.75
Mixpanel,0.11,0.01,0.1,-0.1,91.66666667,8.333333333
Nu,0.11,0.01,0.1,-0.1,91.66666667,8.333333333
Hcd,0.11,0.01,0.1,-0.1,91.66666667,8.333333333
Amazon S3,0.11,0.01,0.1,-0.1,91.66666667,8.333333333
Google Drive,0.21,0.1,0.11,-0.11,67.74193548,32.25806452
Electrical Wiring,0.15,0.04,0.11,-0.11,78.94736842,21.05263158
Racket,0.19,0.08,0.11,-0.11,70.37037037,29.62962963
Zend Framework,0.13,0.02,0.11,-0.11,86.66666667,13.33333333
Rig,0.17,0.06,0.11,-0.11,73.91304348,26.08695652
Responsive Websites,0.23,0.11,0.12,-0.12,67.64705882,32.35294118
Lily,0.17,0.05,0.12,-0.12,77.27272727,22.72727273
Electrical Machines,0.13,0.01,0.12,-0.12,92.85714286,7.142857143
Microsoft Outlook,0.53,0.41,0.12,-0.12,56.38297872,43.61702128
Budgeting,12.32,12.2,0.12,-0.12,50.24469821,49.75530179
Radar,0.47,0.34,0.13,-0.13,58.02469136,41.97530864
Product Planning,0.36,0.23,0.13,-0.13,61.01694915,38.98305085
Sas,1.02,0.89,0.13,-0.13,53.40314136,46.59685864
Confluence,0.87,0.74,0.13,-0.13,54.03726708,45.96273292
Functional Programming,0.23,0.1,0.13,-0.13,69.6969697,30.3030303
Microsoft Dynamics Ax,0.19,0.06,0.13,-0.13,76,24
MQTT,0.15,0.02,0.13,-0.13,88.23529412,11.76470588
Axios,0.15,0.02,0.13,-0.13,88.23529412,11.76470588
Ux Research,0.28,0.15,0.13,-0.13,65.11627907,34.88372093
Jwt,0.15,0.01,0.14,-0.14,93.75,6.25
Story Board,0.15,0.01,0.14,-0.14,93.75,6.25
Oop,0.38,0.24,0.14,-0.14,61.29032258,38.70967742
Epc,0.19,0.05,0.14,-0.14,79.16666667,20.83333333
Haproxy,0.19,0.05,0.14,-0.14,79.16666667,20.83333333
Responsive Web Design,0.36,0.21,0.15,-0.15,63.15789474,36.84210526
Soa,0.55,0.4,0.15,-0.15,57.89473684,42.10526316
Keras,0.51,0.36,0.15,-0.15,58.62068966,41.37931034
Microsoft Visio,0.28,0.13,0.15,-0.15,68.29268293,31.70731707
Sap Erp,0.23,0.08,0.15,-0.15,74.19354839,25.80645161
Mailchimp,0.21,0.05,0.16,-0.16,80.76923077,19.23076923
Microsoft Exchange Server,0.32,0.16,0.16,-0.16,66.66666667,33.33333333
Neo4j,0.23,0.07,0.16,-0.16,76.66666667,23.33333333
Web Client,0.23,0.07,0.16,-0.16,76.66666667,23.33333333
Chef,0.81,0.65,0.16,-0.16,55.47945205,44.52054795
Vue,0.79,0.63,0.16,-0.16,55.63380282,44.36619718
Clojure,0.19,0.02,0.17,-0.17,90.47619048,9.523809524
Eclipse Ide,0.19,0.02,0.17,-0.17,90.47619048,9.523809524
Distributed Systems,0.85,0.66,0.19,-0.19,56.29139073,43.70860927
Sewer,0.74,0.55,0.19,-0.19,57.36434109,42.63565891
Motion Design,0.21,0.02,0.19,-0.19,91.30434783,8.695652174
Ethnography,0.21,0.02,0.19,-0.19,91.30434783,8.695652174
Promine,0.4,0.21,0.19,-0.19,65.57377049,34.42622951
Elastic Search,0.3,0.1,0.2,-0.2,75,25
Appium,0.36,0.15,0.21,-0.21,70.58823529,29.41176471
Amazon Ec2,0.25,0.04,0.21,-0.21,86.20689655,13.79310345
Etap,0.64,0.43,0.21,-0.21,59.81308411,40.18691589
Cakephp,0.25,0.03,0.22,-0.22,89.28571429,10.71428571
Webservices,0.4,0.18,0.22,-0.22,68.96551724,31.03448276
Julia,0.28,0.06,0.22,-0.22,82.35294118,17.64705882
Js,2.59,2.36,0.23,-0.23,52.32323232,47.67676768
Google Docs,0.34,0.11,0.23,-0.23,75.55555556,24.44444444
Groovy,0.34,0.11,0.23,-0.23,75.55555556,24.44444444
Financial Technology,0.34,0.11,0.23,-0.23,75.55555556,24.44444444
Oauth2,0.28,0.05,0.23,-0.23,84.84848485,15.15151515
Ibm Websphere,0.28,0.04,0.24,-0.24,87.5,12.5
Css,4.78,4.53,0.25,-0.25,51.34264232,48.65735768
System Uptime,0.3,0.05,0.25,-0.25,85.71428571,14.28571429
Microsoft Sharepoint,0.57,0.31,0.26,-0.26,64.77272727,35.22727273
Erlang,0.28,0.02,0.26,-0.26,93.33333333,6.666666667
Vanilla Js,0.28,0.02,0.26,-0.26,93.33333333,6.666666667
Software Architecture,0.79,0.52,0.27,-0.27,60.30534351,39.69465649
Microsoft Visual Studio,0.42,0.15,0.27,-0.27,73.68421053,26.31578947
Web Hosting,0.38,0.11,0.27,-0.27,77.55102041,22.44897959
Program Director,0.42,0.14,0.28,-0.28,75,25
Predictive Analysis,0.3,0.02,0.28,-0.28,93.75,6.25
Xero,0.38,0.1,0.28,-0.28,79.16666667,20.83333333
Gulp,0.59,0.3,0.29,-0.29,66.29213483,33.70786517
Elixir,0.3,0.01,0.29,-0.29,96.77419355,3.225806452
User Testing,0.79,0.5,0.29,-0.29,61.24031008,38.75968992
Uml,0.53,0.24,0.29,-0.29,68.83116883,31.16883117
Microsoft Project,0.81,0.51,0.3,-0.3,61.36363636,38.63636364
Subversion,0.51,0.21,0.3,-0.3,70.83333333,29.16666667
Natural Language Processing,0.64,0.33,0.31,-0.31,65.97938144,34.02061856
Celery,0.38,0.07,0.31,-0.31,84.44444444,15.55555556
RFID,0.38,0.07,0.31,-0.31,84.44444444,15.55555556
Aggregation,1.02,0.71,0.31,-0.31,58.95953757,41.04046243
Copywriting,0.4,0.09,0.31,-0.31,81.63265306,18.36734694
Shell Script,1.64,1.32,0.32,-0.32,55.40540541,44.59459459
Axure,0.57,0.24,0.33,-0.33,70.37037037,29.62962963
It Sales,0.42,0.09,0.33,-0.33,82.35294118,17.64705882
Perl,5.97,5.62,0.35,-0.35,51.50992235,48.49007765
Jupyter,0.45,0.1,0.35,-0.35,81.81818182,18.18181818
Swot Analysis,0.36,0.01,0.35,-0.35,97.2972973,2.702702703
Bug Tracking,0.81,0.46,0.35,-0.35,63.77952756,36.22047244
Data Manipulation,0.7,0.33,0.37,-0.37,67.96116505,32.03883495
Kali Linux,0.42,0.05,0.37,-0.37,89.36170213,10.63829787
Visual Design,1.23,0.85,0.38,-0.38,59.13461538,40.86538462
Objective C,0.64,0.26,0.38,-0.38,71.11111111,28.88888889
Sqlalchemy,0.4,0.02,0.38,-0.38,95.23809524,4.761904762
Cto,0.83,0.44,0.39,-0.39,65.35433071,34.64566929
Mvvm,0.47,0.08,0.39,-0.39,85.45454545,14.54545455
Apache Kafka,0.42,0.02,0.4,-0.4,95.45454545,4.545454545
Event Planning,0.49,0.08,0.41,-0.41,85.96491228,14.03508772
Dart,0.47,0.06,0.41,-0.41,88.67924528,11.32075472
Quantitative Analysis,0.68,0.25,0.43,-0.43,73.11827957,26.88172043
Product Vision,0.64,0.21,0.43,-0.43,75.29411765,24.70588235
Mariadb,0.53,0.1,0.43,-0.43,84.12698413,15.87301587
Webpack,0.89,0.45,0.44,-0.44,66.41791045,33.58208955
Stripe,0.55,0.1,0.45,-0.45,84.61538462,15.38461538
Product Lead,0.62,0.14,0.48,-0.48,81.57894737,18.42105263
Xhtml,0.59,0.11,0.48,-0.48,84.28571429,15.71428571
Google Adwords,0.53,0.05,0.48,-0.48,91.37931034,8.620689655
Unit Testing,2.08,1.59,0.49,-0.49,56.67574932,43.32425068
Erp Software,0.74,0.25,0.49,-0.49,74.74747475,25.25252525
Cba,0.51,0.02,0.49,-0.49,96.22641509,3.773584906
Terra,1.3,0.8,0.5,-0.5,61.9047619,38.0952381
Banners,0.74,0.24,0.5,-0.5,75.51020408,24.48979592
Nagios,0.74,0.24,0.5,-0.5,75.51020408,24.48979592
IoT,1.34,0.84,0.5,-0.5,61.46788991,38.53211009
Service Design,0.64,0.13,0.51,-0.51,83.11688312,16.88311688
Elasticsearch,0.87,0.35,0.52,-0.52,71.31147541,28.68852459
Microsoft Powerpoint,0.66,0.14,0.52,-0.52,82.5,17.5
After Effects,0.53,0.01,0.52,-0.52,98.14814815,1.851851852
Underwriting,1.4,0.86,0.54,-0.54,61.94690265,38.05309735
Cassandra,0.85,0.3,0.55,-0.55,73.91304348,26.08695652
Codebase,0.79,0.23,0.56,-0.56,77.45098039,22.54901961
Go,5.25,4.68,0.57,-0.57,52.87009063,47.12990937
Social Impact,0.74,0.15,0.59,-0.59,83.14606742,16.85393258
Chapel,0.62,0.03,0.59,-0.59,95.38461538,4.615384615
Customer Support,3.93,3.33,0.6,-0.6,54.1322314,45.8677686
Scikit,0.87,0.26,0.61,-0.61,76.99115044,23.00884956
Server Side,1.1,0.49,0.61,-0.61,69.18238994,30.81761006
Human Centered Design,0.72,0.1,0.62,-0.62,87.80487805,12.19512195
Apache Tomcat,0.72,0.1,0.62,-0.62,87.80487805,12.19512195
Pwc,0.64,0.02,0.62,-0.62,96.96969697,3.03030303
Systems Analysis,1.83,1.19,0.64,-0.64,60.59602649,39.40397351
Ux,3.63,2.98,0.65,-0.65,54.91679274,45.08320726
Lamp,1.04,0.39,0.65,-0.65,72.72727273,27.27272727
Public Health,1.21,0.53,0.68,-0.68,69.54022989,30.45977011
Tensorflow,0.98,0.29,0.69,-0.69,77.16535433,22.83464567
Postman,0.96,0.27,0.69,-0.69,78.04878049,21.95121951
Balsamiq,0.87,0.18,0.69,-0.69,82.85714286,17.14285714
Kyc,0.7,0.01,0.69,-0.69,98.5915493,1.408450704
Junit,1.06,0.37,0.69,-0.69,74.12587413,25.87412587
Call Center,2.23,1.52,0.71,-0.71,59.46666667,40.53333333
Mobile Payments,0.72,0.01,0.71,-0.71,98.63013699,1.369863014
Mba,1.68,0.95,0.73,-0.73,63.878327,36.121673
Spring Framework,0.93,0.2,0.73,-0.73,82.30088496,17.69911504
Fund Raising,0.74,0.01,0.73,-0.73,98.66666667,1.333333333
Microsoft Azure,1.64,0.9,0.74,-0.74,64.56692913,35.43307087
Mock,2.02,1.28,0.74,-0.74,61.21212121,38.78787879
System Design,2.95,2.21,0.74,-0.74,57.17054264,42.82945736
Television,1.21,0.46,0.75,-0.75,72.45508982,27.54491018
Design Research,0.83,0.08,0.75,-0.75,91.20879121,8.791208791
Executive Assistant,0.81,0.05,0.76,-0.76,94.18604651,5.813953488
Transport,7.03,6.27,0.76,-0.76,52.85714286,47.14285714
Code Review,2.1,1.33,0.77,-0.77,61.2244898,38.7755102
R,5.56,4.78,0.78,-0.78,53.77176015,46.22823985
Object Oriented Programming,1.49,0.69,0.8,-0.8,68.34862385,31.65137615
Youtube,1.23,0.42,0.81,-0.81,74.54545455,25.45454545
Kpi,1.55,0.73,0.82,-0.82,67.98245614,32.01754386
Invision,1.53,0.71,0.82,-0.82,68.30357143,31.69642857
Microsoft Office,14.53,13.67,0.86,-0.86,51.5248227,48.4751773
Ideation,1.25,0.39,0.86,-0.86,76.2195122,23.7804878
Start Up,1.08,0.22,0.86,-0.86,83.07692308,16.92307692
Usability,4.23,3.37,0.86,-0.86,55.65789474,44.34210526
Git,3.8,2.91,0.89,-0.89,56.6318927,43.3681073
Hadoop,1.83,0.92,0.91,-0.91,66.54545455,33.45454545
Product Roadmap,1.27,0.36,0.91,-0.91,77.91411043,22.08588957
Product Management,4.1,3.18,0.92,-0.92,56.31868132,43.68131868
Software Design,2.02,1.1,0.92,-0.92,64.74358974,35.25641026
User Stories,1.93,0.99,0.94,-0.94,66.09589041,33.90410959
Product Strategy,1.27,0.33,0.94,-0.94,79.375,20.625
RabbitMQ,1,0.06,0.94,-0.94,94.33962264,5.660377358
Matlab,1.78,0.82,0.96,-0.96,68.46153846,31.53846154
Wireframes,2.4,1.42,0.98,-0.98,62.82722513,37.17277487
Sketch,3.42,2.41,1.01,-1.01,58.66209262,41.33790738
Data Structures,2.06,1.03,1.03,-1.03,66.66666667,33.33333333
Golang,1.23,0.2,1.03,-1.03,86.01398601,13.98601399
Behance,1.04,0.01,1.03,-1.03,99.04761905,0.952380952
Publishing,3.19,2.13,1.06,-1.06,59.96240602,40.03759398
Strategic Marketing,1.1,0.04,1.06,-1.06,96.49122807,3.50877193
Consulting,14.49,13.42,1.07,-1.07,51.91687567,48.08312433
Mongo,1.93,0.84,1.09,-1.09,69.67509025,30.32490975
Microsoft Access,1.3,0.21,1.09,-1.09,86.09271523,13.90728477
Relationships,18.63,17.53,1.1,-1.1,51.5210177,48.4789823
Es6,1.51,0.41,1.1,-1.1,78.64583333,21.35416667
Product Design,3.65,2.51,1.14,-1.14,59.25324675,40.74675325
Drupal,1.51,0.37,1.14,-1.14,80.31914894,19.68085106
Ui,4.63,3.47,1.16,-1.16,57.16049383,42.83950617
Google Cloud Platform,1.4,0.24,1.16,-1.16,85.36585366,14.63414634
Crystal,1.85,0.68,1.17,-1.17,73.12252964,26.87747036
Financial Controls,1.19,0.02,1.17,-1.17,98.34710744,1.652892562
Ms Sql,2.12,0.93,1.19,-1.19,69.50819672,30.49180328
Spring Boot,1.38,0.19,1.19,-1.19,87.89808917,12.10191083
Project Planning,4.1,2.89,1.21,-1.21,58.65522175,41.34477825
Adoption,3.61,2.36,1.25,-1.25,60.46901173,39.53098827
Hr,5.63,4.37,1.26,-1.26,56.3,43.7
New Ideas,2.8,1.54,1.26,-1.26,64.51612903,35.48387097
Mockups,2.02,0.76,1.26,-1.26,72.6618705,27.3381295
Business Analytics,1.59,0.33,1.26,-1.26,82.8125,17.1875
Microservice,2.25,0.96,1.29,-1.29,70.09345794,29.90654206
Microsoft Dynamics,1.55,0.25,1.3,-1.3,86.11111111,13.88888889
Pandas,1.72,0.41,1.31,-1.31,80.75117371,19.24882629
Figma,1.44,0.12,1.32,-1.32,92.30769231,7.692307692
Vuejs,1.4,0.08,1.32,-1.32,94.59459459,5.405405405
Financial Models,1.53,0.21,1.32,-1.32,87.93103448,12.06896552
Numpy,1.59,0.23,1.36,-1.36,87.36263736,12.63736264
Indesign,1.66,0.29,1.37,-1.37,85.12820513,14.87179487
Film,1.98,0.61,1.37,-1.37,76.44787645,23.55212355
Instagram,1.85,0.39,1.46,-1.46,82.58928571,17.41071429
Ionic,1.74,0.28,1.46,-1.46,86.13861386,13.86138614
Deloitte,1.64,0.16,1.48,-1.48,91.11111111,8.888888889
Product Owner,2.44,0.91,1.53,-1.53,72.8358209,27.1641791
Microsoft Sql Server,2.4,0.87,1.53,-1.53,73.39449541,26.60550459
Ruby,2.74,1.21,1.53,-1.53,69.36708861,30.63291139
Google Analytics,1.93,0.39,1.54,-1.54,83.18965517,16.81034483
Customer Retention,1.66,0.09,1.57,-1.57,94.85714286,5.142857143
Product Manager,4.76,3.18,1.58,-1.58,59.94962217,40.05037783
Microsoft Word,3.33,1.75,1.58,-1.58,65.5511811,34.4488189
Ipro,1.85,0.27,1.58,-1.58,87.26415094,12.73584906
Nosql,2.57,0.97,1.6,-1.6,72.59887006,27.40112994
Kubernetes,2.53,0.92,1.61,-1.61,73.33333333,26.66666667
Social Science,1.91,0.23,1.68,-1.68,89.25233645,10.74766355
App Development,2,0.28,1.72,-1.72,87.71929825,12.28070175
Mastercard,1.78,0.05,1.73,-1.73,97.26775956,2.732240437
Team Building,3.5,1.75,1.75,-1.75,66.66666667,33.33333333
Mobile Development,1.93,0.18,1.75,-1.75,91.46919431,8.530805687
Front End,5.56,3.78,1.78,-1.78,59.52890792,40.47109208
Kpis,4.21,2.43,1.78,-1.78,63.40361446,36.59638554
Typescript,2.4,0.61,1.79,-1.79,79.73421927,20.26578073
Graphql,2.08,0.27,1.81,-1.81,88.5106383,11.4893617
React Native,2.06,0.25,1.81,-1.81,89.17748918,10.82251082
Nginx,2.02,0.19,1.83,-1.83,91.40271493,8.597285068
User Research,2.38,0.54,1.84,-1.84,81.50684932,18.49315068
Architect,18.05,16.1,1.95,-1.95,52.85505124,47.14494876
Petroleum,2.15,0.17,1.98,-1.98,92.67241379,7.327586207
Bash,3.06,1.03,2.03,-2.03,74.81662592,25.18337408
Customer Service,19.2,17.16,2.04,-2.04,52.80528053,47.19471947
Kotlin,2.17,0.11,2.06,-2.06,95.1754386,4.824561404
Market Intelligence,2.19,0.09,2.1,-2.1,96.05263158,3.947368421
Debt Collection,2.15,0.01,2.14,-2.14,99.53703704,0.462962963
Restful Api,2.97,0.82,2.15,-2.15,78.36411609,21.63588391
Codeigniter,2.29,0.05,2.24,-2.24,97.86324786,2.136752137
Telco,2.51,0.21,2.3,-2.3,92.27941176,7.720588235
Fintech,2.66,0.3,2.36,-2.36,89.86486486,10.13513514
Energy,9.01,6.6,2.41,-2.41,57.71941063,42.28058937
Red,3.53,1.11,2.42,-2.42,76.07758621,23.92241379
Unix,5.14,2.7,2.44,-2.44,65.56122449,34.43877551
Business Growth,2.74,0.3,2.44,-2.44,90.13157895,9.868421053
Concept,20.07,17.6,2.47,-2.47,53.27847093,46.72152907
Design Thinking,2.74,0.24,2.5,-2.5,91.94630872,8.053691275
Complaints,6.2,3.65,2.55,-2.55,62.94416244,37.05583756
Engagement,14.06,11.5,2.56,-2.56,55.00782473,44.99217527
Json,3.82,1.24,2.58,-2.58,75.49407115,24.50592885
Actuarial Science,2.63,0.02,2.61,-2.61,99.24528302,0.754716981
Bridge,4.69,2.05,2.64,-2.64,69.58456973,30.41543027
Europe,3.93,1.21,2.72,-2.72,76.45914397,23.54085603
Ajax,3.48,0.75,2.73,-2.73,82.26950355,17.73049645
Microsoft Excel,4.27,1.51,2.76,-2.76,73.87543253,26.12456747
Rust,10.73,7.97,2.76,-2.76,57.37967914,42.62032086
Math,10.6,7.83,2.77,-2.77,57.51492132,42.48507868
Customer Experience,5.03,2.14,2.89,-2.89,70.15341702,29.84658298
Sap,4.72,1.82,2.9,-2.9,72.17125382,27.82874618
Devops,5.29,2.32,2.97,-2.97,69.51379763,30.48620237
Web Services,6.22,3.24,2.98,-2.98,65.75052854,34.24947146
Deployment,18.1,15.1,3,-3,54.51807229,45.48192771
Farmers,3.55,0.54,3.01,-3.01,86.79706601,13.20293399
Inventory Management,3.89,0.87,3.02,-3.02,81.72268908,18.27731092
Team Leadership,3.72,0.62,3.1,-3.1,85.71428571,14.28571429
Redux,3.63,0.45,3.18,-3.18,88.97058824,11.02941176
Surveys,6.63,3.4,3.23,-3.23,66.10169492,33.89830508
Algorithms,5.37,2.14,3.23,-3.23,71.50466045,28.49533955
Database Administration,4.29,1.06,3.23,-3.23,80.18691589,19.81308411
Startup,6.18,2.92,3.26,-3.26,67.91208791,32.08791209
Crm,4.78,1.52,3.26,-3.26,75.87301587,24.12698413
Swift,3.65,0.38,3.27,-3.27,90.5707196,9.429280397
Cpa,3.46,0.19,3.27,-3.27,94.79452055,5.205479452
Jira,6.41,3.11,3.3,-3.3,67.33193277,32.66806723
Word,20.07,16.74,3.33,-3.33,54.52322738,45.47677262
Data Visualization,4.63,1.28,3.35,-3.35,78.34179357,21.65820643
Ubuntu,3.82,0.44,3.38,-3.38,89.6713615,10.3286385
Customer,57.82,54.42,3.4,-3.4,51.51461155,48.48538845
Database Design,4.5,1.03,3.47,-3.47,81.37432188,18.62567812
User Interface,5.33,1.82,3.51,-3.51,74.54545455,25.45454545
Video,8.33,4.76,3.57,-3.57,63.63636364,36.36363636
Merchant,3.87,0.3,3.57,-3.57,92.8057554,7.194244604
Public Relations,3.87,0.29,3.58,-3.58,93.02884615,6.971153846
Strategic Planning,6.33,2.72,3.61,-3.61,69.94475138,30.05524862
Tableau,5.31,1.63,3.68,-3.68,76.5129683,23.4870317
Xml,5.35,1.66,3.69,-3.69,76.31954351,23.68045649
User Experience,6.73,3.03,3.7,-3.7,68.95491803,31.04508197
Relationship,21.3,17.53,3.77,-3.77,54.85449395,45.14550605
Facebook,4.89,1.09,3.8,-3.8,81.77257525,18.22742475
Apache,4.72,0.91,3.81,-3.81,83.8365897,16.1634103
Expansion,5.31,1.47,3.84,-3.84,78.31858407,21.68141593
Suppliers,9.62,5.67,3.95,-3.95,62.91693918,37.08306082
Software Engineering,9.09,5.12,3.97,-3.97,63.96903589,36.03096411
Data Analytics,6.07,2.06,4.01,-4.01,74.66174662,25.33825338
Retention,5.35,1.26,4.09,-4.09,80.93797277,19.06202723
Agile,15.25,11.07,4.18,-4.18,57.94072948,42.05927052
Css3,5.31,1.11,4.2,-4.2,82.71028037,17.28971963
Business Management,5.63,1.32,4.31,-4.31,81.00719424,18.99280576
Firebase,4.46,0.05,4.41,-4.41,98.89135255,1.10864745
Ussd,4.55,0.01,4.54,-4.54,99.78070175,0.219298246
Pressure,10.88,6.24,4.64,-4.64,63.55140187,36.44859813
Docker,6.07,1.38,4.69,-4.69,81.47651007,18.52348993
Heroku,4.91,0.12,4.79,-4.79,97.61431412,2.385685885
Php,7.05,2.24,4.81,-4.81,75.88805167,24.11194833
Graphic Design,5.67,0.81,4.86,-4.86,87.5,12.5
Adobe,7.82,2.86,4.96,-4.96,73.22097378,26.77902622
Product Development,9.43,4.46,4.97,-4.97,67.89056875,32.10943125
Scrum,8.14,3.13,5.01,-5.01,72.22715173,27.77284827
Version Control,6.2,1.17,5.03,-5.03,84.12483039,15.87516961
Data Science,7.63,2.54,5.09,-5.09,75.0245821,24.9754179
Publish,7.24,2.13,5.11,-5.11,77.2678762,22.7321238
C#,8.07,2.93,5.14,-5.14,73.36363636,26.63636364
Full Stack,6.67,1.51,5.16,-5.16,81.5403423,18.4596577
Powerpoint,11.41,6.08,5.33,-5.33,65.23727844,34.76272156
Wordpress,6.63,0.99,5.64,-5.64,87.00787402,12.99212598
Photoshop,7.05,1.32,5.73,-5.73,84.22939068,15.77060932
Frontend,6.73,0.82,5.91,-5.91,89.13907285,10.86092715
Api,8.96,2.96,6,-6,75.16778523,24.83221477
Advertising,7.41,1.37,6.04,-6.04,84.39635535,15.60364465
Laravel,6.33,0.22,6.11,-6.11,96.64122137,3.358778626
Business Intelligence,7.58,1.43,6.15,-6.15,84.12874584,15.87125416
Stata,6.33,0.14,6.19,-6.19,97.83616692,2.163833076
Web Design,7.2,0.91,6.29,-6.29,88.77928483,11.22071517
Acquisition,10.05,3.75,6.3,-6.3,72.82608696,27.17391304
Equity,8.03,1.58,6.45,-6.45,83.55879292,16.44120708
Mongodb,7.24,0.71,6.53,-6.53,91.06918239,8.93081761
Forecasting,9.28,2.73,6.55,-6.55,77.26894255,22.73105745
C++,9.37,2.69,6.68,-6.68,77.69485904,22.30514096
Database Management,7.97,1.24,6.73,-6.73,86.53637351,13.46362649
Customer Care,7.37,0.43,6.94,-6.94,94.48717949,5.512820513
Flask,7.37,0.24,7.13,-7.13,96.84625493,3.153745072
Financial Management,7.92,0.74,7.18,-7.18,91.45496536,8.545034642
Business Administration,9.71,2.19,7.52,-7.52,81.59663866,18.40336134
Economics,11.68,4.04,7.64,-7.64,74.30025445,25.69974555
Statistics,15.23,7.56,7.67,-7.67,66.82755595,33.17244405
Mathematics,13.34,5.56,7.78,-7.78,70.58201058,29.41798942
Human Resource,12.79,5,7.79,-7.79,71.89432265,28.10567735
Logistics,12.17,4.32,7.85,-7.85,73.80230443,26.19769557
Web Development,10.68,2.59,8.09,-8.09,80.48229088,19.51770912
Jquery,10.03,1.85,8.18,-8.18,84.42760943,15.57239057
Bootstrap,9.45,0.99,8.46,-8.46,90.51724138,9.482758621
Angular,11,2.38,8.62,-8.62,82.2122571,17.7877429
React,13.13,4.22,8.91,-8.91,75.67723343,24.32276657
Tax,11,1.57,9.43,-9.43,87.50994431,12.49005569
Linux,17.14,7.54,9.6,-9.6,69.44894652,30.55105348
Django,10.34,0.51,9.83,-9.83,95.29953917,4.700460829
Backend,11.85,1.78,10.07,-10.07,86.94057227,13.05942773
Web App,15.82,4.76,11.06,-11.06,76.8707483,23.1292517
Growth,25.98,14.83,11.15,-11.15,63.66086743,36.33913257
Portfolio,17.54,6.1,11.44,-11.44,74.1962775,25.8037225
Social Media,12.57,1.09,11.48,-11.48,92.0204978,7.979502196
Node,13.7,2.18,11.52,-11.52,86.2720403,13.7279597
Risk,28.1,16.42,11.68,-11.68,63.11769991,36.88230009
Media,29.67,17.53,12.14,-12.14,62.86016949,37.13983051
Oracle,15.21,2.76,12.45,-12.45,84.64106845,15.35893155
Postgres,14.34,1.25,13.09,-13.09,91.98203977,8.017960231
Mentor,23.39,8.96,14.43,-14.43,72.30293663,27.69706337
Credit,26.3,11.82,14.48,-14.48,68.99265477,31.00734523
Project Management,31.24,16.39,14.85,-14.85,65.58891455,34.41108545
Brand,20.82,5.87,14.95,-14.95,78.0067441,21.9932559
Data Analysis,19.73,3.95,15.78,-15.78,83.31925676,16.68074324
Excel,65.61,48.74,16.87,-16.87,57.37647573,42.62352427
Budget,29.52,12.2,17.32,-17.32,70.75743049,29.24256951
Business Development,19.07,1.62,17.45,-17.45,92.1701305,7.829869502
Android Development,21.39,2.38,19.01,-19.01,89.98737905,10.01262095
Html,28.27,7.01,21.26,-21.26,80.13038549,19.86961451
Mysql,24.75,2.29,22.46,-22.46,91.53106509,8.468934911
Python,30.69,7.91,22.78,-22.78,79.50777202,20.49222798
Marketing,45.16,16.46,28.7,-28.7,73.28789354,26.71210646
Finance,43.71,13.99,29.72,-29.72,75.75389948,24.24610052
Analysis,60,29.2,30.8,-30.8,67.26457399,32.73542601
Java,42.23,11.22,31.01,-31.01,79.00841908,20.99158092
Rest,61.72,24.25,37.47,-37.47,71.79248575,28.20751425
Sales,51.21,11,40.21,-40.21,82.31795531,17.68204469
Research,62.6,19.89,42.71,-42.71,75.88798642,24.11201358
Mobile,62.51,12.45,50.06,-50.06,83.39114194,16.60885806
