Skill,Jun 2019,Jul 2019,Aug 2019,Sep 2019,Oct 2019,Nov 2019,Dec 2019
design,73.4375,72.05882353,71.55963303,70.68965517,55.83756345,59.45945946,69.84126984
scripting,59.375,58.82352941,56.88073394,62.06896552,55.83756345,66.40926641,66.66666667
java,59.375,52.94117647,52.29357798,55.74712644,50.25380711,53.66795367,60.31746032
testing,54.6875,69.11764706,54.12844037,55.17241379,55.32994924,55.79150579,57.14285714
programming,37.5,47.05882353,40.36697248,40.22988506,32.48730964,37.25868726,52.38095238
implementation,43.75,50,49.5412844,39.08045977,37.56345178,33.59073359,47.61904762
web,56.25,60.29411765,51.37614679,44.25287356,45.68527919,42.47104247,45.23809524
databases,23.4375,33.82352941,38.53211009,32.18390805,34.01015228,41.50579151,42.85714286
sql,28.125,32.35294118,37.6146789,32.18390805,34.5177665,35.32818533,41.26984127
performance,39.0625,45.58823529,37.6146789,39.08045977,35.02538071,32.62548263,40.47619048
product,59.375,41.17647059,47.70642202,46.55172414,41.11675127,38.8030888,38.88888889
javascript,42.1875,35.29411765,40.36697248,42.52873563,34.5177665,38.61003861,38.0952381
html,35.9375,32.35294118,36.69724771,35.05747126,35.02538071,32.04633205,38.0952381
view,32.8125,29.41176471,18.34862385,22.98850575,29.44162437,32.62548263,37.3015873
unity,23.4375,41.17647059,24.7706422,33.90804598,22.84263959,33.78378378,34.92063492
recruitment,31.25,26.47058824,13.76146789,24.71264368,14.72081218,28.57142857,34.12698413
angular,20.3125,23.52941176,20.18348624,21.26436782,18.78172589,26.06177606,34.12698413
computer science,34.375,36.76470588,33.94495413,33.33333333,36.04060914,35.90733591,32.53968254
architect,40.625,23.52941176,36.69724771,24.71264368,29.44162437,25.86872587,31.74603175
apis,31.25,30.88235294,45.87155963,26.43678161,28.42639594,25.0965251,30.95238095
documentation,23.4375,30.88235294,35.77981651,33.90804598,29.94923858,27.99227799,27.77777778
excel,32.8125,44.11764706,34.86238532,32.18390805,25.38071066,29.34362934,26.98412698
architecture,35.9375,20.58823529,29.35779817,22.4137931,25.88832487,22.39382239,25.3968254
agile,25,33.82352941,33.02752294,28.16091954,25.38071066,26.25482625,25.3968254
consulting,4.6875,20.58823529,17.43119266,16.09195402,17.76649746,18.91891892,24.6031746
ssas,18.75,20.58823529,20.18348624,12.64367816,11.6751269,9.845559846,24.6031746
deployment,25,32.35294118,26.60550459,24.71264368,20.81218274,17.37451737,23.01587302
c#,17.1875,22.05882353,32.11009174,21.83908046,24.87309645,30.30888031,22.22222222
diploma,3.125,8.823529412,8.256880734,9.770114943,9.137055838,17.95366795,21.42857143
css,28.125,22.05882353,25.68807339,21.26436782,19.2893401,21.42857143,21.42857143
customer,25,38.23529412,26.60550459,28.73563218,23.35025381,30.11583012,21.42857143
visualization,21.875,8.823529412,17.43119266,10.34482759,11.6751269,10.23166023,20.63492063
senior,18.75,17.64705882,14.67889908,20.11494253,19.79695431,19.88416988,20.63492063
automation,23.4375,10.29411765,11.00917431,12.06896552,17.76649746,16.02316602,19.84126984
automate,23.4375,10.29411765,11.00917431,12.06896552,17.76649746,16.02316602,19.84126984
mvc,14.0625,11.76470588,23.85321101,14.36781609,13.70558376,15.63706564,19.04761905
spring,7.8125,7.352941176,5.504587156,4.597701149,7.106598985,7.528957529,19.04761905
html5,12.5,11.76470588,16.51376147,12.64367816,16.24365482,9.845559846,19.04761905
front end,23.4375,13.23529412,15.59633028,13.79310345,12.69035533,12.16216216,19.04761905
solidity,25,14.70588235,16.51376147,15.51724138,15.73604061,14.67181467,18.25396825
marketing,18.75,26.47058824,21.10091743,20.11494253,19.2893401,13.12741313,17.46031746
git,18.75,14.70588235,23.85321101,17.24137931,16.24365482,17.37451737,17.46031746
scrum,14.0625,10.29411765,11.9266055,7.471264368,7.106598985,8.88030888,16.66666667
mobile,29.6875,14.70588235,27.52293578,19.54022989,19.79695431,16.6023166,16.66666667
jquery,10.9375,14.70588235,23.85321101,11.49425287,17.76649746,17.18146718,16.66666667
web app,25,11.76470588,14.67889908,8.620689655,10.15228426,11.96911197,15.87301587
analytics,14.0625,26.47058824,22.93577982,17.81609195,18.78172589,16.7953668,15.87301587
sql server,7.8125,11.76470588,13.76146789,9.195402299,12.69035533,11.38996139,15.87301587
optimization,17.1875,14.70588235,19.26605505,13.2183908,14.72081218,10.42471042,15.87301587
unit testing,10.9375,14.70588235,14.67889908,11.49425287,14.72081218,11.1969112,15.87301587
modelling,9.375,14.70588235,15.59633028,7.471264368,11.16751269,8.88030888,15.07936508
react,20.3125,10.29411765,15.59633028,12.64367816,12.18274112,10.23166023,15.07936508
window,3.125,2.941176471,10.09174312,7.471264368,5.583756345,7.722007722,15.07936508
windows,3.125,2.941176471,10.09174312,7.471264368,5.583756345,7.722007722,15.07936508
strategy,7.8125,20.58823529,18.34862385,18.3908046,14.72081218,10.23166023,14.28571429
linux,12.5,16.17647059,11.00917431,13.2183908,8.629441624,12.16216216,14.28571429
maintenance,12.5,10.29411765,11.9266055,15.51724138,9.644670051,15.25096525,13.49206349
web services,14.0625,22.05882353,27.52293578,13.2183908,16.75126904,14.67181467,13.49206349
enterprise,15.625,16.17647059,17.43119266,9.770114943,18.78172589,12.16216216,13.49206349
c,14.0625,7.352941176,9.174311927,12.06896552,7.614213198,8.301158301,13.49206349
analysis,10.9375,19.11764706,22.93577982,19.54022989,20.81218274,16.02316602,13.49206349
api,7.8125,10.29411765,19.26605505,7.471264368,9.137055838,10.23166023,13.49206349
cloud,17.1875,20.58823529,13.76146789,16.09195402,13.19796954,14.86486486,13.49206349
json,3.125,5.882352941,18.34862385,9.195402299,13.19796954,8.494208494,12.6984127
bootstrap,4.6875,2.941176471,11.9266055,6.32183908,11.16751269,8.301158301,12.6984127
node,12.5,14.70588235,11.00917431,10.91954023,12.69035533,10.42471042,12.6984127
xml,0,7.352941176,12.8440367,5.172413793,9.137055838,8.88030888,12.6984127
networking,7.8125,16.17647059,11.9266055,18.96551724,8.629441624,16.02316602,11.9047619
scala,25,8.823529412,11.00917431,14.36781609,12.18274112,13.51351351,11.9047619
design patterns,15.625,8.823529412,13.76146789,9.195402299,10.15228426,9.652509653,11.9047619
media,25,11.76470588,10.09174312,10.34482759,13.19796954,18.33976834,11.9047619
finance,7.8125,14.70588235,8.256880734,9.195402299,7.614213198,13.70656371,11.9047619
security,10.9375,16.17647059,18.34862385,14.94252874,16.75126904,16.02316602,11.9047619
mysql,7.8125,13.23529412,12.8440367,16.66666667,15.73604061,13.70656371,11.9047619
php,17.1875,14.70588235,14.67889908,15.51724138,13.19796954,15.25096525,11.9047619
web applications,25,10.29411765,13.76146789,8.620689655,9.644670051,11.1969112,11.11111111
lean,7.8125,4.411764706,8.256880734,7.471264368,7.614213198,7.528957529,11.11111111
usability,18.75,14.70588235,19.26605505,11.49425287,13.70558376,4.826254826,11.11111111
emails,10.9375,13.23529412,13.76146789,16.66666667,12.18274112,12.16216216,11.11111111
email,10.9375,13.23529412,13.76146789,16.66666667,12.18274112,12.16216216,11.11111111
components,12.5,10.29411765,8.256880734,9.770114943,6.091370558,11.1969112,10.31746032
search,12.5,22.05882353,25.68807339,22.4137931,16.24365482,14.09266409,10.31746032
connectivity,9.375,14.70588235,6.422018349,2.873563218,6.598984772,9.459459459,10.31746032
code review,10.9375,10.29411765,1.834862385,3.448275862,5.076142132,7.722007722,10.31746032
css3,7.8125,8.823529412,8.256880734,6.32183908,12.18274112,6.94980695,10.31746032
redis,4.6875,17.64705882,11.00917431,6.32183908,4.060913706,5.598455598,10.31746032
mining,7.8125,11.76470588,5.504587156,4.597701149,3.553299492,6.370656371,10.31746032
technical specification,0,8.823529412,4.587155963,1.724137931,2.538071066,3.861003861,10.31746032
js,17.1875,8.823529412,14.67889908,12.64367816,12.69035533,10.81081081,10.31746032
soap,0,10.29411765,11.9266055,5.747126437,7.614213198,9.845559846,10.31746032
angularjs,7.8125,8.823529412,9.174311927,5.172413793,5.583756345,4.826254826,10.31746032
android,10.9375,4.411764706,10.09174312,9.195402299,9.137055838,7.528957529,10.31746032
c++,9.375,5.882352941,9.174311927,10.34482759,3.045685279,8.687258687,9.523809524
target,0,4.411764706,2.752293578,2.298850575,2.030456853,3.474903475,9.523809524
targets,0,4.411764706,2.752293578,2.298850575,2.030456853,3.474903475,9.523809524
sass,7.8125,8.823529412,3.669724771,5.172413793,6.091370558,4.633204633,9.523809524
scalability,21.875,4.411764706,8.256880734,9.195402299,9.644670051,9.266409266,9.523809524
maven,1.5625,0,0.9174311927,3.448275862,6.598984772,4.054054054,9.523809524
java ee,1.5625,2.941176471,1.834862385,3.448275862,5.076142132,3.474903475,9.523809524
ui,15.625,13.23529412,9.174311927,5.747126437,12.18274112,7.528957529,9.523809524
docker,3.125,13.23529412,5.504587156,6.32183908,4.060913706,6.756756757,8.73015873
digital,14.0625,14.70588235,10.09174312,10.91954023,11.16751269,6.370656371,8.73015873
visual studio,1.5625,4.411764706,6.422018349,4.022988506,3.553299492,4.44015444,8.73015873
research,7.8125,17.64705882,16.51376147,19.54022989,13.19796954,11.1969112,8.73015873
hibernate,6.25,2.941176471,5.504587156,4.022988506,6.091370558,4.633204633,8.73015873
mentor,10.9375,16.17647059,10.09174312,6.896551724,9.644670051,10.03861004,8.73015873
creative,7.8125,17.64705882,15.59633028,13.79310345,7.614213198,9.652509653,8.73015873
relationships,3.125,13.23529412,9.174311927,13.79310345,7.106598985,7.142857143,7.936507937
relationship,3.125,13.23529412,9.174311927,13.79310345,7.106598985,7.142857143,7.936507937
rdbms,4.6875,2.941176471,0,1.724137931,0.5076142132,2.316602317,7.936507937
flow,15.625,8.823529412,11.9266055,8.620689655,7.106598985,10.23166023,7.936507937
oracle,9.375,7.352941176,8.256880734,8.045977011,8.121827411,10.42471042,7.936507937
road,12.5,14.70588235,10.09174312,7.471264368,6.598984772,6.756756757,7.936507937
growth,10.9375,14.70588235,9.174311927,12.06896552,9.137055838,7.915057915,7.936507937
pressure,4.6875,8.823529412,10.09174312,4.022988506,8.629441624,9.073359073,7.936507937
devops,7.8125,7.352941176,9.174311927,8.045977011,8.121827411,7.142857143,7.936507937
http,4.6875,1.470588235,5.504587156,4.597701149,4.568527919,6.370656371,7.936507937
pact,10.9375,11.76470588,11.9266055,8.045977011,9.137055838,6.563706564,7.936507937
timiza,6.25,2.941176471,5.504587156,5.172413793,6.598984772,3.088803089,7.936507937
postgres,7.8125,7.352941176,8.256880734,4.022988506,4.060913706,7.142857143,7.142857143
iteration,14.0625,17.64705882,12.8440367,11.49425287,9.644670051,9.459459459,7.142857143
infrastructure,12.5,16.17647059,8.256880734,9.195402299,7.614213198,11.1969112,7.142857143
database design,3.125,2.941176471,6.422018349,2.873563218,4.568527919,4.247104247,7.142857143
concept,23.4375,14.70588235,17.43119266,14.94252874,16.75126904,14.09266409,7.142857143
version control,14.0625,5.882352941,10.09174312,8.620689655,4.060913706,8.494208494,7.142857143
software design,10.9375,0,2.752293578,4.022988506,5.583756345,4.633204633,7.142857143
wcf,1.5625,4.411764706,5.504587156,4.597701149,5.076142132,4.826254826,7.142857143
reliability,10.9375,8.823529412,11.00917431,9.195402299,7.106598985,5.791505792,7.142857143
ux,17.1875,10.29411765,8.256880734,3.448275862,7.614213198,6.563706564,7.142857143
ms sql,6.25,5.882352941,10.09174312,6.32183908,6.598984772,6.370656371,6.349206349
vue,7.8125,2.941176471,2.752293578,4.597701149,1.52284264,4.054054054,6.349206349
ajax,1.5625,1.470588235,4.587155963,2.298850575,6.091370558,5.598455598,6.349206349
agile methodologies,6.25,4.411764706,7.339449541,1.724137931,3.553299492,3.474903475,6.349206349
ios,9.375,5.882352941,8.256880734,5.747126437,4.568527919,5.791505792,6.349206349
project management,4.6875,8.823529412,7.339449541,10.91954023,9.644670051,8.108108108,6.349206349
mongo,12.5,8.823529412,5.504587156,2.298850575,9.137055838,7.335907336,6.349206349
mongodb,10.9375,7.352941176,5.504587156,2.298850575,7.106598985,6.177606178,6.349206349
machining,3.125,2.941176471,4.587155963,4.022988506,5.076142132,2.702702703,6.349206349
automated testing,7.8125,0,1.834862385,2.873563218,3.045685279,3.861003861,6.349206349
mobile development,6.25,1.470588235,9.174311927,5.747126437,6.598984772,5.212355212,6.349206349
automated tests,7.8125,0,1.834862385,2.873563218,3.045685279,3.861003861,6.349206349
hardware,1.5625,5.882352941,6.422018349,8.620689655,1.52284264,3.667953668,6.349206349
branch,3.125,1.470588235,2.752293578,2.873563218,1.015228426,1.544401544,6.349206349
engagement,3.125,17.64705882,8.256880734,8.620689655,6.091370558,7.528957529,6.349206349
rest api,0,1.470588235,4.587155963,2.298850575,3.045685279,3.861003861,6.349206349
jenkins,3.125,4.411764706,2.752293578,4.597701149,4.060913706,4.633204633,6.349206349
relational databases,9.375,4.411764706,11.00917431,7.471264368,6.598984772,4.054054054,6.349206349
relational database,9.375,4.411764706,11.00917431,7.471264368,6.598984772,4.054054054,6.349206349
data warehouse,0,1.470588235,1.834862385,1.724137931,2.030456853,2.316602317,6.349206349
full stack,10.9375,8.823529412,4.587155963,8.620689655,6.598984772,10.23166023,6.349206349
web development,15.625,10.29411765,10.09174312,10.34482759,16.75126904,11.58301158,6.349206349
backend,15.625,5.882352941,5.504587156,4.597701149,5.076142132,6.177606178,5.555555556
math,1.5625,5.882352941,10.09174312,4.022988506,4.060913706,4.826254826,5.555555556
mathematics,1.5625,5.882352941,9.174311927,3.448275862,3.045685279,3.281853282,5.555555556
lifecycle,14.0625,8.823529412,11.00917431,7.471264368,10.15228426,7.722007722,5.555555556
continuous integration,7.8125,2.941176471,3.669724771,3.448275862,6.598984772,7.335907336,5.555555556
workflows,4.6875,2.941176471,3.669724771,4.597701149,2.030456853,4.826254826,5.555555556
python,18.75,13.23529412,11.9266055,16.66666667,10.65989848,11.96911197,5.555555556
express,6.25,5.882352941,5.504587156,4.022988506,1.015228426,1.930501931,4.761904762
typescript,3.125,7.352941176,5.504587156,5.172413793,3.553299492,3.861003861,4.761904762
software engineering,26.5625,20.58823529,12.8440367,14.94252874,8.629441624,13.51351351,4.761904762
uml,0,1.470588235,1.834862385,2.298850575,1.52284264,1.737451737,4.761904762
distributed,14.0625,8.823529412,8.256880734,5.747126437,3.553299492,4.826254826,4.761904762
jira,0,2.941176471,1.834862385,5.172413793,5.076142132,5.598455598,4.761904762
data structures,3.125,5.882352941,2.752293578,2.298850575,1.52284264,2.316602317,4.761904762
nodejs,4.6875,4.411764706,0.9174311927,1.724137931,4.060913706,4.826254826,4.761904762
emerging,7.8125,4.411764706,9.174311927,3.448275862,5.076142132,3.474903475,4.761904762
transformer,4.6875,5.882352941,6.422018349,4.022988506,5.583756345,4.44015444,4.761904762
objective c,3.125,1.470588235,4.587155963,0,2.030456853,2.895752896,4.761904762
oop,1.5625,5.882352941,5.504587156,4.022988506,6.091370558,4.633204633,4.761904762
apache,3.125,2.941176471,4.587155963,1.724137931,4.060913706,4.826254826,4.761904762
project planning,6.25,1.470588235,2.752293578,1.724137931,2.538071066,1.351351351,4.761904762
ssrs,1.5625,4.411764706,0.9174311927,2.873563218,1.52284264,1.158301158,4.761904762
prototype,12.5,7.352941176,8.256880734,3.448275862,4.568527919,3.474903475,4.761904762
apache ant,3.125,2.941176471,4.587155963,1.724137931,4.060913706,4.826254826,4.761904762
azure,3.125,8.823529412,5.504587156,9.195402299,6.091370558,4.633204633,4.761904762
containers,7.8125,7.352941176,6.422018349,5.747126437,4.060913706,4.826254826,4.761904762
country,1.5625,7.352941176,4.587155963,8.045977011,3.045685279,5.212355212,4.761904762
payment,1.5625,8.823529412,3.669724771,3.448275862,5.583756345,4.054054054,4.761904762
prototypes,12.5,7.352941176,8.256880734,3.448275862,4.568527919,3.474903475,4.761904762
scaling,14.0625,29.41176471,3.669724771,4.597701149,8.121827411,7.335907336,4.761904762
business intelligence,1.5625,0,0.9174311927,3.448275862,3.045685279,1.737451737,4.761904762
svn,0,2.941176471,4.587155963,4.597701149,3.553299492,2.895752896,3.968253968
kanban,3.125,2.941176471,1.834862385,0,1.52284264,1.737451737,3.968253968
banking,0,10.29411765,6.422018349,5.172413793,4.060913706,5.598455598,3.968253968
microservice,1.5625,1.470588235,1.834862385,2.298850575,3.553299492,2.316602317,3.968253968
microservices,1.5625,1.470588235,1.834862385,2.298850575,3.553299492,2.316602317,3.968253968
dependency injection,0,0,0.9174311927,0,0,0,3.968253968
kubernetes,3.125,7.352941176,0.9174311927,2.298850575,1.52284264,5.019305019,3.968253968
reactjs,3.125,4.411764706,0,1.724137931,3.045685279,1.158301158,3.968253968
readiness,3.125,0,8.256880734,3.448275862,4.568527919,2.895752896,3.968253968
database management,0,0,2.752293578,1.149425287,2.030456853,1.544401544,3.968253968
etl,0,0,0,2.873563218,1.52284264,1.351351351,3.968253968
gitlab,3.125,7.352941176,2.752293578,1.724137931,1.52284264,2.316602317,3.968253968
containerization,4.6875,7.352941176,5.504587156,4.022988506,2.538071066,4.054054054,3.968253968
postgresql,4.6875,4.411764706,4.587155963,2.298850575,3.553299492,4.633204633,3.968253968
rust,1.5625,7.352941176,4.587155963,4.022988506,4.568527919,5.984555985,3.968253968
credit,3.125,5.882352941,5.504587156,1.724137931,1.52284264,2.702702703,3.968253968
iis,0,0,2.752293578,0.5747126437,3.045685279,0.7722007722,3.968253968
object oriented programming,9.375,2.941176471,3.669724771,5.747126437,6.091370558,3.861003861,3.968253968
outlook,0,0,0.9174311927,1.149425287,1.015228426,0.9652509653,3.968253968
open source,7.8125,5.882352941,6.422018349,7.471264368,5.076142132,4.054054054,3.968253968
j2ee,1.5625,2.941176471,2.752293578,0.5747126437,4.568527919,2.123552124,3.968253968
video,3.125,1.470588235,2.752293578,0.5747126437,0,1.158301158,3.174603175
energy,0,1.470588235,0.9174311927,1.724137931,1.52284264,1.158301158,3.174603175
user interface,9.375,8.823529412,9.174311927,1.724137931,5.583756345,2.50965251,3.174603175
user experience,7.8125,5.882352941,4.587155963,4.597701149,6.091370558,5.019305019,3.174603175
line sizing,1.5625,5.882352941,2.752293578,1.724137931,3.045685279,4.054054054,3.174603175
es6,4.6875,0,0.9174311927,0.5747126437,1.015228426,1.158301158,3.174603175
experience design,6.25,1.470588235,6.422018349,4.597701149,6.091370558,4.247104247,3.174603175
word,7.8125,4.411764706,12.8440367,10.91954023,5.076142132,5.791505792,3.174603175
tdd,4.6875,7.352941176,1.834862385,4.022988506,2.538071066,3.474903475,3.174603175
go,1.5625,5.882352941,3.669724771,0.5747126437,5.076142132,3.667953668,3.174603175
user experence,7.8125,5.882352941,4.587155963,4.597701149,6.091370558,5.019305019,3.174603175
system design,0,1.470588235,3.669724771,0.5747126437,1.015228426,1.930501931,3.174603175
xhtml,1.5625,0,0.9174311927,1.149425287,2.030456853,0.9652509653,3.174603175
synchronization,6.25,1.470588235,1.834862385,0.5747126437,0,0.3861003861,3.174603175
venue,0,2.941176471,2.752293578,0.5747126437,3.045685279,1.737451737,3.174603175
forecasting,0,1.470588235,0,0,1.015228426,0,3.174603175
server side,10.9375,7.352941176,5.504587156,2.873563218,4.568527919,3.667953668,3.174603175
spring framework,4.6875,0,1.834862385,1.149425287,2.538071066,1.158301158,3.174603175
rspec,0,1.470588235,0,3.448275862,2.030456853,0.9652509653,3.174603175
scale,14.0625,23.52941176,3.669724771,2.873563218,6.598984772,6.370656371,3.174603175
selenium,1.5625,1.470588235,0,0,1.52284264,1.351351351,3.174603175
subversion,0,0,0,1.149425287,0.5076142132,1.158301158,3.174603175
sharepoint,1.5625,1.470588235,0.9174311927,1.149425287,2.030456853,1.158301158,3.174603175
product requirements,0,0,0,1.149425287,0.5076142132,0.1930501931,3.174603175
soa,3.125,2.941176471,8.256880734,2.873563218,2.030456853,2.316602317,3.174603175
data analysis,0,2.941176471,4.587155963,1.149425287,2.030456853,1.544401544,3.174603175
roadmap,6.25,7.352941176,2.752293578,1.724137931,1.52284264,0.9652509653,3.174603175
nosql,9.375,5.882352941,7.339449541,1.724137931,3.045685279,3.474903475,3.174603175
revenue,0,2.941176471,1.834862385,0.5747126437,3.045685279,1.158301158,3.174603175
nginx,0,2.941176471,1.834862385,1.724137931,1.52284264,1.930501931,3.174603175
publish,1.5625,2.941176471,5.504587156,6.32183908,3.045685279,3.667953668,3.174603175
solid principles,3.125,1.470588235,0.9174311927,0,1.015228426,0.5791505792,3.174603175
multithreading,0,0,0.9174311927,0,0,0.1930501931,3.174603175
restful api,1.5625,2.941176471,3.669724771,3.448275862,1.015228426,1.351351351,3.174603175
redux,1.5625,1.470588235,0,2.298850575,2.538071066,0.7722007722,3.174603175
microsoft sql server,0,0,1.834862385,1.149425287,1.015228426,2.702702703,3.174603175
middleware,0,5.882352941,1.834862385,1.149425287,0.5076142132,1.544401544,3.174603175
r,6.25,0,5.504587156,2.873563218,6.598984772,3.474903475,3.174603175
publishing,1.5625,2.941176471,5.504587156,6.32183908,3.045685279,3.667953668,3.174603175
portfolio,7.8125,5.882352941,3.669724771,5.172413793,4.060913706,2.702702703,3.174603175
hr,1.5625,4.411764706,2.752293578,4.022988506,3.045685279,2.50965251,2.380952381
graphics,12.5,1.470588235,11.00917431,3.448275862,4.060913706,5.791505792,2.380952381
qa,3.125,5.882352941,4.587155963,1.724137931,2.030456853,4.054054054,2.380952381
sales,1.5625,11.76470588,11.00917431,5.172413793,6.598984772,4.633204633,2.380952381
hana,0,0,0,1.149425287,1.015228426,0.5791505792,2.380952381
react js,1.5625,1.470588235,1.834862385,0.5747126437,2.030456853,0.7722007722,2.380952381
xamarin,1.5625,0,0,4.022988506,0.5076142132,1.158301158,2.380952381
react native,1.5625,0,2.752293578,2.873563218,2.538071066,1.544401544,2.380952381
routing,3.125,2.941176471,0.9174311927,1.724137931,3.553299492,2.316602317,2.380952381
retention,0,0,0.9174311927,0,1.52284264,0.5791505792,2.380952381
swift,4.6875,2.941176471,2.752293578,1.724137931,2.538071066,2.702702703,2.380952381
piping,6.25,4.411764706,6.422018349,3.448275862,3.045685279,2.316602317,2.380952381
statistics,1.5625,10.29411765,2.752293578,0.5747126437,2.030456853,0.9652509653,2.380952381
streaming,12.5,4.411764706,1.834862385,1.724137931,2.030456853,3.474903475,2.380952381
logistics,1.5625,1.470588235,0.9174311927,2.298850575,3.045685279,1.544401544,2.380952381
team building,0,4.411764706,1.834862385,1.724137931,2.538071066,1.737451737,2.380952381
microsoft windows,0,0,0,0,0.5076142132,0.1930501931,2.380952381
legal,1.5625,5.882352941,0,3.448275862,1.52284264,2.702702703,2.380952381
test planning,0,1.470588235,2.752293578,0,2.030456853,3.667953668,2.380952381
test plans,0,1.470588235,2.752293578,0,2.030456853,3.667953668,2.380952381
laravel,4.6875,2.941176471,5.504587156,3.448275862,6.598984772,4.826254826,2.380952381
spring mvc,1.5625,0,1.834862385,1.149425287,0,2.123552124,2.380952381
pipeline,6.25,4.411764706,6.422018349,3.448275862,3.045685279,2.316602317,2.380952381
spring boot,0,4.411764706,0.9174311927,1.724137931,0.5076142132,2.123552124,2.380952381
new ideas,3.125,2.941176471,0.9174311927,0.5747126437,2.030456853,1.158301158,2.380952381
social media,1.5625,1.470588235,0,2.298850575,0.5076142132,1.737451737,2.380952381
npm,0,1.470588235,0,1.724137931,0,0.9652509653,2.380952381
object oriented design,1.5625,2.941176471,2.752293578,0,2.538071066,1.930501931,2.380952381
shell script,3.125,0,0.9174311927,4.022988506,1.015228426,1.158301158,2.380952381
pipe,6.25,4.411764706,6.422018349,3.448275862,3.045685279,2.316602317,2.380952381
ionic,0,1.470588235,0.9174311927,1.149425287,1.52284264,2.123552124,2.380952381
sql experience,0,1.470588235,2.752293578,1.724137931,4.568527919,1.737451737,2.380952381
3d,0,0,0.9174311927,2.298850575,0.5076142132,0.1930501931,2.380952381
automotive,0,0,0.9174311927,0.5747126437,2.030456853,0.3861003861,2.380952381
ci,7.8125,5.882352941,6.422018349,4.597701149,6.091370558,3.667953668,2.380952381
business development,0,0,3.669724771,1.149425287,1.52284264,1.737451737,2.380952381
algorithm,6.25,5.882352941,3.669724771,5.172413793,1.015228426,4.054054054,2.380952381
advertising,1.5625,2.941176471,0.9174311927,5.172413793,1.015228426,0.9652509653,2.380952381
angular js,3.125,0,3.669724771,0.5747126437,2.538071066,2.702702703,2.380952381
algorithms,6.25,5.882352941,3.669724771,5.172413793,1.015228426,4.054054054,2.380952381
budgeting,3.125,4.411764706,2.752293578,7.471264368,3.045685279,3.088803089,2.380952381
adobe,10.9375,0,5.504587156,2.298850575,4.568527919,1.351351351,2.380952381
budget,3.125,4.411764706,2.752293578,7.471264368,3.045685279,3.088803089,2.380952381
data visualization,0,0,0.9174311927,1.724137931,2.030456853,1.351351351,2.380952381
etabs,0,0,0.9174311927,0,0,0,2.380952381
fintech,1.5625,5.882352941,1.834862385,1.724137931,3.553299492,2.702702703,2.380952381
acquisition,0,0,0,1.149425287,0.5076142132,0.3861003861,2.380952381
cordova,1.5625,0,0,0.5747126437,2.030456853,2.123552124,2.380952381
saml,0,0,0,0,0,0.1930501931,1.587301587
junit,0,0,0,2.298850575,3.045685279,1.930501931,1.587301587
kafka,0,0,0,0,1.52284264,0.1930501931,1.587301587
rxjs,3.125,1.470588235,0,0,0,0.3861003861,1.587301587
electronics,7.8125,2.941176471,2.752293578,3.448275862,1.015228426,2.316602317,1.587301587
client server,0,0,0.9174311927,3.448275862,1.52284264,2.123552124,1.587301587
kerberos,0,0,0,0,0,0.1930501931,1.587301587
sdks,4.6875,2.941176471,3.669724771,1.724137931,3.045685279,0.9652509653,1.587301587
jprofiler,0,0,0,0,0,0,1.587301587
schema,3.125,1.470588235,2.752293578,2.298850575,1.52284264,1.930501931,1.587301587
java 8,0,0,0.9174311927,0.5747126437,0.5076142132,0.1930501931,1.587301587
bug tracking,0,0,1.834862385,0,0,0.1930501931,1.587301587
bug fixing,0,5.882352941,4.587155963,4.022988506,3.045685279,1.351351351,1.587301587
sequence,0,0,0.9174311927,1.724137931,1.015228426,1.158301158,1.587301587
brand,4.6875,8.823529412,6.422018349,9.195402299,5.076142132,3.861003861,1.587301587
software quality,0,1.470588235,0,0,1.52284264,1.158301158,1.587301587
bash,3.125,1.470588235,0.9174311927,1.724137931,3.553299492,1.351351351,1.587301587
spring cloud,0,0,0,0.5747126437,0,0.1930501931,1.587301587
integration testing,3.125,7.352941176,2.752293578,0.5747126437,1.52284264,2.123552124,1.587301587
kotlin,4.6875,0,1.834862385,1.724137931,1.52284264,1.351351351,1.587301587
equity,3.125,5.882352941,1.834862385,3.448275862,0.5076142132,2.895752896,1.587301587
regional,1.5625,7.352941176,0.9174311927,1.149425287,1.52284264,2.316602317,1.587301587
maintenance software,0,0,0,1.149425287,1.52284264,2.123552124,1.587301587
diagram,3.125,1.470588235,1.834862385,0.5747126437,1.52284264,1.158301158,1.587301587
diagnostics,0,1.470588235,0.9174311927,0.5747126437,1.52284264,1.158301158,1.587301587
mock,9.375,1.470588235,1.834862385,2.298850575,4.060913706,2.50965251,1.587301587
design processes,1.5625,0,1.834862385,0,1.015228426,0.3861003861,1.587301587
debt,0,1.470588235,0,0,0,0.5791505792,1.587301587
data science,1.5625,2.941176471,4.587155963,1.724137931,1.52284264,0.9652509653,1.587301587
data modeling,3.125,1.470588235,0.9174311927,0,2.030456853,2.702702703,1.587301587
customer service,1.5625,2.941176471,1.834862385,2.298850575,2.030456853,2.50965251,1.587301587
mastercard,0,0,0,0,0,0.1930501931,1.587301587
payment gateway,0,1.470588235,0,0,0,0.1930501931,1.587301587
perl,3.125,1.470588235,5.504587156,6.896551724,3.553299492,3.088803089,1.587301587
powershell,1.5625,1.470588235,0,0,1.52284264,0.3861003861,1.587301587
kpis,1.5625,2.941176471,0,0,0.5076142132,1.351351351,1.587301587
domain driven design,0,0,1.834862385,1.149425287,0,0.1930501931,1.587301587
prediction,0,7.352941176,2.752293578,0,1.52284264,0.1930501931,1.587301587
product management,7.8125,2.941176471,2.752293578,4.022988506,2.538071066,3.281853282,1.587301587
product manager,7.8125,2.941176471,2.752293578,4.022988506,2.538071066,3.281853282,1.587301587
program design,0,0,0,0,0.5076142132,0.1930501931,1.587301587
e commerce,1.5625,7.352941176,3.669724771,4.597701149,4.568527919,3.667953668,1.587301587
lending,3.125,2.941176471,0,1.149425287,0.5076142132,1.737451737,1.587301587
economics,1.5625,5.882352941,1.834862385,1.724137931,3.045685279,1.930501931,1.587301587
aws,9.375,10.29411765,8.256880734,8.620689655,7.614213198,7.335907336,1.587301587
concrete,0,0,0,1.149425287,0,0,1.587301587
region,1.5625,7.352941176,0.9174311927,1.149425287,1.52284264,2.316602317,1.587301587
puppet,1.5625,1.470588235,0,1.724137931,0,1.158301158,1.587301587
microsoft sharepoint,0,0,0,0.5747126437,0,0.1930501931,1.587301587
tomcat,3.125,1.470588235,3.669724771,2.298850575,3.045685279,2.316602317,1.587301587
app development,3.125,7.352941176,0.9174311927,2.298850575,1.52284264,2.316602317,1.587301587
ubuntu,1.5625,0,1.834862385,0.5747126437,1.015228426,1.544401544,1.587301587
hadoop,1.5625,0,0,0.5747126437,0,0.7722007722,1.587301587
transport,3.125,5.882352941,1.834862385,1.724137931,4.568527919,1.544401544,1.587301587
gulp,4.6875,4.411764706,2.752293578,1.149425287,0.5076142132,1.158301158,1.587301587
adoption,3.125,2.941176471,7.339449541,4.022988506,3.553299492,1.737451737,1.587301587
github,1.5625,5.882352941,2.752293578,2.873563218,1.52284264,2.702702703,1.587301587
tfs,1.5625,2.941176471,2.752293578,3.448275862,3.553299492,1.930501931,1.587301587
google analytics,0,0,0,1.724137931,0.5076142132,0.3861003861,1.587301587
groovy,0,0,0,0,1.52284264,0.1930501931,1.587301587
test cases,3.125,1.470588235,2.752293578,0.5747126437,3.553299492,2.702702703,1.587301587
teradata,0,0,0,0,0,0,1.587301587
unix,3.125,1.470588235,3.669724771,5.747126437,3.553299492,1.737451737,1.587301587
webservices,0,0,1.834862385,0.5747126437,1.52284264,0.9652509653,1.587301587
web design,9.375,2.941176471,1.834862385,1.149425287,3.045685279,3.474903475,1.587301587
ui testing,1.5625,2.941176471,1.834862385,0,0,0,1.587301587
tcp,0,0,1.834862385,1.724137931,0,0,1.587301587
artificial intelligence,0,1.470588235,1.834862385,0,1.015228426,0.7722007722,1.587301587
xcode,1.5625,1.470588235,0,1.149425287,0,0.9652509653,1.587301587
frontend,9.375,5.882352941,4.587155963,4.597701149,3.553299492,4.44015444,1.587301587
active directory,0,0,0.9174311927,0,0.5076142132,0.5791505792,1.587301587
visa,0,1.470588235,0,0,0,0.3861003861,1.587301587
identity management,0,0,0.9174311927,0,0,0.1930501931,1.587301587
gradle,1.5625,0,0.9174311927,2.873563218,2.030456853,2.895752896,1.587301587
google cloud platform,0,0,1.834862385,1.724137931,0,0.9652509653,1.587301587
functional programming,0,0,1.834862385,0,0.5076142132,0.3861003861,1.587301587
tableau,0,1.470588235,0.9174311927,0.5747126437,1.015228426,0,1.587301587
product quality,1.5625,2.941176471,0,1.149425287,1.015228426,0,0.7936507937
product owner,1.5625,2.941176471,0.9174311927,2.873563218,3.045685279,2.50965251,0.7936507937
akka,0,0,0,0,0,0,0.7936507937
vuejs,3.125,0,1.834862385,1.149425287,2.538071066,0.9652509653,0.7936507937
airflow,0,0,0.9174311927,0,0,0,0.7936507937
process design,0,0,0,0,0.5076142132,0.3861003861,0.7936507937
powerbi,0,1.470588235,0,0,0,0.7722007722,0.7936507937
vmware,0,0,1.834862385,0,0.5076142132,0.9652509653,0.7936507937
product initiatives,0,2.941176471,0.9174311927,0.5747126437,1.015228426,0.7722007722,0.7936507937
progressive web apps,0,0,0.9174311927,0,0.5076142132,0,0.7936507937
plastics,0,0,0,0,0,0,0.7936507937
product development,4.6875,5.882352941,2.752293578,6.896551724,2.030456853,2.895752896,0.7936507937
azure devops,0,0,0.9174311927,1.149425287,2.030456853,0.9652509653,0.7936507937
crm,0,1.470588235,0.9174311927,2.298850575,3.553299492,1.351351351,0.7936507937
data analytics,1.5625,2.941176471,0,0,4.060913706,1.351351351,0.7936507937
yarn,0,1.470588235,0,0.5747126437,0,0.5791505792,0.7936507937
ms office,0,1.470588235,0.9174311927,0.5747126437,2.538071066,1.351351351,0.7936507937
mvp,0,0,0,0.5747126437,0.5076142132,0.1930501931,0.7936507937
mvvm,0,0,0,2.298850575,0.5076142132,1.158301158,0.7936507937
network protocols,0,0,0,0,0,0,0.7936507937
wordpress,4.6875,0,0.9174311927,4.597701149,2.030456853,2.123552124,0.7936507937
wireframes,3.125,1.470588235,1.834862385,1.724137931,3.553299492,0.5791505792,0.7936507937
wireframe,3.125,1.470588235,1.834862385,1.724137931,3.553299492,0.5791505792,0.7936507937
dart,0,0,0,0.5747126437,0,0.1930501931,0.7936507937
cryptography,0,0,2.752293578,0.5747126437,0.5076142132,0.3861003861,0.7936507937
customer experience,0,2.941176471,1.834862385,1.149425287,1.52284264,1.544401544,0.7936507937
oracle java,0,0,0,0,0,0.1930501931,0.7936507937
customer care,1.5625,0,0,0,0,0.1930501931,0.7936507937
partnership,0,2.941176471,1.834862385,3.448275862,2.030456853,2.316602317,0.7936507937
adobe creative suite,0,0,3.669724771,0.5747126437,0,0.7722007722,0.7936507937
fixtures,0,0,0,0,0,0,0.7936507937
php 7,0,0,0,0,0.5076142132,0,0.7936507937
crystal,0,1.470588235,0.9174311927,0.5747126437,2.538071066,1.158301158,0.7936507937
prometheus,0,0,0,0,0,0,0.7936507937
quality assurance,3.125,8.823529412,5.504587156,5.172413793,6.091370558,6.756756757,0.7936507937
virtualization,4.6875,4.411764706,2.752293578,4.597701149,4.060913706,3.281853282,0.7936507937
vanilla js,1.5625,0,0,0,0,0,0.7936507937
apex,0,0,0.9174311927,0.5747126437,0.5076142132,0.1930501931,0.7936507937
scripting languages,1.5625,0,2.752293578,0,4.060913706,1.158301158,0.7936507937
business analytics,1.5625,0,0,0.5747126437,0.5076142132,0.1930501931,0.7936507937
sdk,4.6875,2.941176471,3.669724771,1.149425287,3.045685279,0.5791505792,0.7936507937
microsoft office,1.5625,0,2.752293578,0,1.015228426,1.158301158,0.7936507937
television,0,0,0,0,0,0,0.7936507937
api design,1.5625,0,2.752293578,1.149425287,0,0.3861003861,0.7936507937
team leadership,0,0,0,1.149425287,1.015228426,0.3861003861,0.7936507937
serverless,4.6875,0,0.9174311927,0,0,0,0.7936507937
systems design,1.5625,0,0,3.448275862,1.015228426,0.1930501931,0.7936507937
bridge,4.6875,0,1.834862385,4.597701149,0.5076142132,1.544401544,0.7936507937
site reliability,1.5625,0,0,0,0,0.5791505792,0.7936507937
system architecture,1.5625,0,1.834862385,1.149425287,0.5076142132,0.9652509653,0.7936507937
boost,1.5625,2.941176471,0,0,2.030456853,0.1930501931,0.7936507937
billing,0,2.941176471,0,0.5747126437,1.52284264,1.351351351,0.7936507937
bdd,0,0,0,1.149425287,1.015228426,0.1930501931,0.7936507937
swot analysis,0,0,0,0,0,0,0.7936507937
audio,0,1.470588235,0.9174311927,0,0,0.1930501931,0.7936507937
suppliers,0,4.411764706,0,1.724137931,1.52284264,1.544401544,0.7936507937
cakephp,1.5625,1.470588235,1.834862385,0.5747126437,0,0.7722007722,0.7936507937
saas,1.5625,1.470588235,0.9174311927,0,2.538071066,0.7722007722,0.7936507937
ruby,14.0625,2.941176471,0.9174311927,6.32183908,3.553299492,4.44015444,0.7936507937
red,0,1.470588235,1.834862385,1.149425287,0.5076142132,1.158301158,0.7936507937
construction,1.5625,5.882352941,1.834862385,5.172413793,1.52284264,5.212355212,0.7936507937
confluence,0,0,0.9174311927,1.724137931,1.52284264,0.7722007722,0.7936507937
concurrency,1.5625,1.470588235,0,0,2.030456853,0.5791505792,0.7936507937
user story,0,1.470588235,0,1.149425287,2.538071066,1.158301158,0.7936507937
user stories,0,1.470588235,0,1.149425287,2.538071066,1.158301158,0.7936507937
banners,1.5625,0,0,0,0,0.1930501931,0.7936507937
complaints,0,0,0.9174311927,0,0,0,0.7936507937
rails,4.6875,0,0.9174311927,2.298850575,2.538071066,3.474903475,0.7936507937
android sdk,0,1.470588235,3.669724771,1.149425287,3.045685279,0.3861003861,0.7936507937
centos,1.5625,0,0.9174311927,0.5747126437,0,0.1930501931,0.7936507937
undergraduate degree,0,0,0.9174311927,1.149425287,1.015228426,0.3861003861,0.7936507937
regression testing,0,0,0,0.5747126437,2.030456853,0.9652509653,0.7936507937
clojure,1.5625,0,0,1.724137931,0.5076142132,0.3861003861,0.7936507937
ansible,1.5625,1.470588235,0.9174311927,1.149425287,1.015228426,2.316602317,0.7936507937
responsive web design,0,1.470588235,0,0.5747126437,1.52284264,1.351351351,0.7936507937
cisco,0,0,0,1.149425287,1.015228426,1.158301158,0.7936507937
risk,3.125,8.823529412,8.256880734,2.298850575,5.583756345,5.984555985,0.7936507937
change control,0,1.470588235,0.9174311927,0.5747126437,1.52284264,0.9652509653,0.7936507937
flask,1.5625,0,0.9174311927,0.5747126437,1.015228426,0.5791505792,0.7936507937
zend framework,0,0,0,0,0,0.7722007722,0.7936507937
linkedin,1.5625,1.470588235,1.834862385,1.724137931,0,0.5791505792,0.7936507937
iphone,0,1.470588235,0.9174311927,0,0,0,0.7936507937
large data,3.125,1.470588235,0,0,0.5076142132,0,0.7936507937
iot,0,1.470588235,2.752293578,0.5747126437,1.015228426,1.158301158,0.7936507937
juniper,0,0,0,0,0,0.1930501931,0.7936507937
human resource,0,4.411764706,0.9174311927,0,0,0.7722007722,0.7936507937
google bigquery,0,0,0,0,0,0,0.7936507937
ionic framework,0,0,0.9174311927,0,0.5076142132,0.1930501931,0.7936507937
event driven,1.5625,0,0,0,0,0.1930501931,0.7936507937
distributed system,3.125,1.470588235,1.834862385,0.5747126437,1.015228426,0.5791505792,0.7936507937
mdm,0,0,0,0,0,0,0.7936507937
inventory management,0,0,0.9174311927,0,0,0,0.7936507937
interface builder,0,0,0,0,0,0.5791505792,0.7936507937
mba,0,0,0.9174311927,0.5747126437,0,0.3861003861,0.7936507937
mariadb,0,0,0,0.5747126437,1.015228426,0.5791505792,0.7936507937
distributed systems,3.125,1.470588235,1.834862385,0.5747126437,1.015228426,0.5791505792,0.7936507937
kibana,0,0,0,0,0,0.1930501931,0.7936507937
elasticsearch,1.5625,0,2.752293578,0.5747126437,2.030456853,1.158301158,0.7936507937
influxdb,0,0,0,0,0,0,0.7936507937
edge cases,0,2.941176471,5.504587156,2.873563218,2.538071066,0.1930501931,0.7936507937
google apps,0,0,0,0.5747126437,0,0,0.7936507937
microsoft azure,1.5625,4.411764706,2.752293578,1.724137931,2.538071066,1.158301158,0.7936507937
gcp,0,0,0,2.873563218,0,1.544401544,0.7936507937
entity framework,1.5625,8.823529412,6.422018349,4.022988506,5.583756345,2.316602317,0.7936507937
jpos,0,0,0,0,0,0.1930501931,0.7936507937
drupal,4.6875,0,3.669724771,1.724137931,0.5076142132,0.7722007722,0.7936507937
itil,1.5625,0,0.9174311927,0,3.553299492,1.158301158,0.7936507937
frontend frameworks,1.5625,0,0,0,0.5076142132,0.9652509653,0.7936507937
embedded,3.125,1.470588235,3.669724771,4.022988506,1.015228426,1.158301158,0.7936507937
jest,0,1.470588235,0,0.5747126437,0.5076142132,0.1930501931,0.7936507937
master data management,0,0,0,0,0,0.1930501931,0.7936507937
technical direction,0,0,0,0.5747126437,0.5076142132,0.1930501931,0
systems analysis,1.5625,1.470588235,0.9174311927,1.724137931,1.015228426,0.3861003861,0
surveys,0,1.470588235,0,0,0.5076142132,0.9652509653,0
appium,0,0,0,0,0,0.3861003861,0
expansion,0,0,0.9174311927,0,0,0.5791505792,0
indesign,0,0,0.9174311927,0,0.5076142132,0.5791505792,0
autocad,0,0,0,0,0,0,0
stripe,0,0,0,0,0,0,0
tax,0,0,0,0,0,0.9652509653,0
automated deployment,0,0,0,0.5747126437,1.52284264,0,0
influencer,3.125,5.882352941,8.256880734,2.873563218,4.568527919,2.702702703,0
strategic planning,0,1.470588235,0,1.149425287,0,0.1930501931,0
hubspot,0,0,0,0,0,0.1930501931,0
strategic marketing,0,0,0,0,0,0.1930501931,0
tensorflow,0,1.470588235,0,0.5747126437,0,0.3861003861,0
apollo,0,0,0.9174311927,0,0,0.1930501931,0
startup,3.125,2.941176471,2.752293578,2.298850575,3.045685279,1.930501931,0
telco,0,0,0,0.5747126437,0,0.3861003861,0
articulate storyline,0,0,1.834862385,0,0,0,0
augmented reality,0,0,0.9174311927,0,0,0,0
event sourcing,0,0,0,0,0,0,0
start up,0,0,0.9174311927,0,0,0.3861003861,0
ibm websphere,0,2.941176471,0,0,0.5076142132,0.1930501931,0
technical production,1.5625,1.470588235,0.9174311927,0.5747126437,0,0.5791505792,0
ideation,1.5625,1.470588235,2.752293578,0,1.015228426,0.3861003861,0
system administration,0,0,0.9174311927,0.5747126437,0.5076142132,0.5791505792,0
syspro,0,0,0.9174311927,0,0,0,0
sysadmin,0,0,0,0,1.015228426,0,0
executive assistant,0,0,0,0,0,0.1930501931,0
assemblies,0,0,1.834862385,0.5747126437,0,0.1930501931,0
symfony,3.125,0,0.9174311927,0.5747126437,1.52284264,1.351351351,0
systems monitoring,0,1.470588235,0.9174311927,1.149425287,0.5076142132,0,0
event planning,0,0,0,0,0,0.1930501931,0
europe,4.6875,1.470588235,0.9174311927,7.471264368,1.52284264,2.123552124,0
human centered,0,1.470588235,0,0,1.015228426,0.1930501931,0
swing,0,0,0.9174311927,0.5747126437,1.015228426,0,0
microsoft exchange server,0,0,0,0,0.5076142132,0,0
stamping,1.5625,0,0,0,0,0,0
aws lambda,1.5625,0,0.9174311927,0,0,0.1930501931,0
soapui,0,0,0,0,0.5076142132,0.9652509653,0
ios sdk,1.5625,0,0.9174311927,0.5747126437,0,0.1930501931,0
brand management,0,0,0,0.5747126437,0.5076142132,0,0
smed,0,0,0,0.5747126437,0,0.1930501931,0
sketch,1.5625,0,2.752293578,1.724137931,2.030456853,1.351351351,0
six sigma,0,0,0,0,0,0,0
simulink,0,0,0,0,0.5076142132,0,0
shiny,0,0,0,0,0,0,0
ipro,0,0,0,0,0.5076142132,0.1930501931,0
session management,0,0,0,0,1.015228426,0.1930501931,0
service design,0,0,0,0.5747126437,1.015228426,0.3861003861,0
iso,0,2.941176471,0.9174311927,1.724137931,0.5076142132,1.737451737,0
budget projections,0,0,0,1.724137931,0.5076142132,0,0
istio,0,0,0,0,0,0.1930501931,0
sequel,0,0,0,0.5747126437,0,0,0
erp software,0,0,0,0,0.5076142132,0,0
erosion control,0,0,0.9174311927,0,0,0,0
business administration,1.5625,0,0,0,0.5076142132,0.3861003861,0
erlang,0,0,0.9174311927,0,0,0,0
bpmn,0,0,0,0,0,0,0
social science,0,2.941176471,0,0,0,0,0
software architect,3.125,2.941176471,1.834862385,4.597701149,4.060913706,1.930501931,0
instagram,1.5625,0,0,0.5747126437,0,0.1930501931,0
axure,0,0,1.834862385,0,1.52284264,0.3861003861,0
sre,0,0,0,0,0,0,0
sqlite,1.5625,0,0.9174311927,0.5747126437,0.5076142132,0.1930501931,0
sqlalchemy,0,0,0,0.5747126437,0,0,0
hive,0,1.470588235,0,0,0,0.5791505792,0
babel,1.5625,0,0,1.149425287,0,0.3861003861,0
backend engineer,0,0,0,0,0,0.5791505792,0
balsamiq,0,0,0,0,0.5076142132,0.1930501931,0
invision,1.5625,0,2.752293578,0.5747126437,0.5076142132,0.3861003861,0
software architectural design,0,0,0,0,0,0,0
spreadsheet,0,1.470588235,0,0.5747126437,0,0.1930501931,0
spark,1.5625,1.470588235,0,1.724137931,0,0.3861003861,0
io,0,0,0,0.5747126437,0.5076142132,0.3861003861,0
blockchain,0,0,0.9174311927,0.5747126437,1.015228426,1.930501931,0
software quality assurance,0,0,0,0,0,0,0
ethereum,0,0,0.9174311927,0,0.5076142132,0,0
bpel,0,0,0,0,1.52284264,0.1930501931,0
software architecture,3.125,1.470588235,1.834862385,4.597701149,3.045685279,1.930501931,0
ethnography,0,0,0,0,0,0.1930501931,0
apache tomcat,1.5625,0,1.834862385,0,1.52284264,0.7722007722,0
terra,1.5625,0,0,0,0,1.158301158,0
grails,0,0,0,0,0.5076142132,0.1930501931,0
aggregation,0,1.470588235,0,0,0,0.5791505792,0
agile project management,0,0,0,0,0,0,0
google adwords,0,0,0,0,0,0,0
w3c,0,0,1.834862385,0.5747126437,0,0,0
google big query,0,0,0,0,0,0.1930501931,0
google compute engine,0,1.470588235,0.9174311927,0,0,0.1930501931,0
google data studio,0,0,0,0,0,0,0
visual design,4.6875,1.470588235,1.834862385,0.5747126437,2.538071066,0.9652509653,0
google docs,0,0,0,0,0.5076142132,0,0
google suite,0,1.470588235,0,0,0,0,0
altium designer,1.5625,0,0,0.5747126437,0,0,0
video production,0,0,0.9174311927,0,0,0,0
amazon dynamodb,0,0,0.9174311927,0,0,0,0
amazon ec2,1.5625,2.941176471,0,0.5747126437,0.5076142132,0,0
amazon kinesis,0,0,0.9174311927,0,0,0,0
graalvm,1.5625,0,0,1.724137931,0,0.3861003861,0
value delivery,0,0,0,0,0.5076142132,0.1930501931,0
vaadin,0,0,0,0,0,0.1930501931,0
ux research,1.5625,0,0,0,0,0,0
amazon s3,0,0,0,0.5747126437,0,0.1930501931,0
ussd,0,0,0,0.5747126437,0,0,0
web application design,0,0,0,0,0,0,0
golang,1.5625,1.470588235,0,0.5747126437,0,1.544401544,0
web client,0,0,0,0,0.5076142132,0.1930501931,0
actuarial science,0,0,0,0,0,0,0
youtube,0,0,0.9174311927,0.5747126437,0,0.1930501931,0
yii2,0,0,0,0,0,0.1930501931,0
flowcharts,3.125,1.470588235,0,0.5747126437,0.5076142132,0.9652509653,0
access control,0,0,0,0,0,0.5791505792,0
flutter,0,1.470588235,0,1.149425287,0,0.3861003861,0
xero,0,0,0,0,0,0.1930501931,0
firebase,3.125,1.470588235,0,0.5747126437,1.52284264,0.5791505792,0
activemq,0,0,0,0,0,0,0
financial models,0,0,0,0,0,0.3861003861,0
geospatial,0,4.411764706,0,0,0,0,0
film,0,0,0,0,0,0,0
gis,0,5.882352941,0,0,0.5076142132,0.1930501931,0
adobe captivate,0,0,1.834862385,0,0,0,0
websocket,0,0,0,0,0,0.1930501931,0
financial management,0,0,0,0.5747126437,0.5076142132,0.1930501931,0
webpack,3.125,2.941176471,1.834862385,1.149425287,1.015228426,1.158301158,0
web standards,3.125,1.470588235,0,0.5747126437,1.52284264,0.5791505792,0
gitflow,1.5625,1.470588235,0.9174311927,0,0,0.1930501931,0
web frontend,0,2.941176471,0,0,0,0,0
financial controls,0,0,0,0,0,0.1930501931,0
user testing,0,0,0.9174311927,0.5747126437,1.015228426,0.1930501931,0
graphic design,4.6875,0,0.9174311927,1.724137931,1.015228426,1.737451737,0
terraform,1.5625,0,0,0,0,0.5791505792,0
user research,1.5625,0,1.834862385,0,2.030456853,0.3861003861,0
twitter,1.5625,1.470588235,0.9174311927,2.298850575,1.015228426,0.5791505792,0
turbines,0,0,0,0,0,0.1930501931,0
tunnels,1.5625,0,0,0,0,0,0
tubing,0,0,0.9174311927,0.5747126437,0,0.1930501931,0
tsql,1.5625,0,1.834862385,1.724137931,0.5076142132,0.5791505792,0
truffle,0,0,0,0.5747126437,0,0.1930501931,0
travis ci,0,0,0,0,0,0,0
heroku,0,0,0.9174311927,0.5747126437,0,0,0
apache nifi,0,0,0,0,0,0,0
tosca,0,0,0,0,0,0.1930501931,0
heuristics,0,0,0,0,0.5076142132,0,0
togaf,0,0,0,0,1.52284264,0.5791505792,0
apache solr,0,0,0,0,1.015228426,0.5791505792,0
time series,0,1.470588235,0,0,0,0,0
ticketing,0,0,0,0.5747126437,0.5076142132,2.123552124,0
third party payments,0,1.470588235,0,0,0,0,0
f#,0,0,0,0,0.5076142132,0,0
apache struts,0,0,0,0,0,0.1930501931,0
test strategy,0,0,0,0,1.015228426,0.3861003861,0
hibernate orm,0,0,0,0.5747126437,0,0.1930501931,0
highways,0,0,0,1.149425287,0,0.1930501931,0
twitter bootstrap,0,0,0,0.5747126437,0,0,0
apache maven,0,0,0,0,0,0.1930501931,0
apache http server,0,0,0,0,0.5076142132,0.5791505792,0
unity3d,0,0,0.9174311927,0,0,0,0
amazon ses,3.125,0,0.9174311927,1.149425287,0.5076142132,0.1930501931,0
user interactions,0,0,0,0,0.5076142132,0.1930501931,0
user flows,1.5625,0,0.9174311927,0,0.5076142132,0.1930501931,0
user experience design,1.5625,0,0.9174311927,0,0.5076142132,0,0
amazon web services,4.6875,4.411764706,3.669724771,1.724137931,0.5076142132,0.7722007722,0
ambari,0,0,1.834862385,0,0,0,0
user acceptance tests,0,1.470588235,0.9174311927,1.149425287,1.015228426,0.7722007722,0
figma,0,0,0,0,0.5076142132,0,0
graphql,1.5625,0,2.752293578,1.149425287,1.015228426,0.9652509653,0
farmers,0,0,0,0,0.5076142132,0.1930501931,0
typography,0,0,0,0,0,0.1930501931,0
united states,0,0,0,0,0,0,0
angular6,0,0,0,0.5747126437,0,0,0
underwriting,0,0,0,0,0,0.3861003861,0
gui,0,0,0,0,0,0.3861003861,0
facebook api,0,0,0.9174311927,0,0,0.1930501931,0
facebook,3.125,1.470588235,2.752293578,3.448275862,2.030456853,1.158301158,0
apache hive,0,0,0.9174311927,0,1.015228426,0.5791505792,0
hdfs,0,0,0,0,0,0,0
uat,0,2.941176471,0.9174311927,0,0.5076142132,0.3861003861,0
emea,0,0,0,0.5747126437,0,0.3861003861,0
scalable architecture,0,0,0,0,0,0,0
embedded software,0,0,0,1.724137931,0.5076142132,0.1930501931,0
loan,3.125,0,0,0,0,0.7722007722,0
phpunit,1.5625,0,0.9174311927,0,0,0.1930501931,0
market intelligence,1.5625,1.470588235,0,0,0,0.5791505792,0
cto,0,0,0,0,1.015228426,0,0
photoshop,7.8125,0,0.9174311927,1.724137931,3.553299492,1.737451737,0
petrochemical,1.5625,0,0,0,0,0,0
abap,1.5625,0,0,0,0.5076142132,0.3861003861,0
cuba,0,0,0,0.5747126437,0,0,0
perforce,0,0,0,0,0,0,0
penetration testing,0,0,0,1.724137931,0,0,0
paypal,0,0,0.9174311927,0,0,0,0
cucumber,0,0,0,0,0,0.1930501931,0
django rest framework,0,0,0,0,0,0,0
pandas,0,1.470588235,0.9174311927,0,0,0.1930501931,0
cuda,0,0,0,0,0,0,0
django,1.5625,1.470588235,0,2.873563218,2.030456853,2.316602317,0
orleans,0,0,0,0.5747126437,0,0.3861003861,0
matlab,0,0,0,0,1.015228426,0.1930501931,0
customer centered,0,2.941176471,0.9174311927,1.149425287,0.5076142132,0.5791505792,0
openshift,0,1.470588235,0,1.149425287,0,1.158301158,0
openid connect,0,1.470588235,0,0,0,0,0
opengl,0,0,0,0,0,0,0
manual testing,0,1.470588235,0,0,1.52284264,0,0
managing teams,1.5625,0,0,0.5747126437,0.5076142132,0.9652509653,0
dns,0,1.470588235,0,0.5747126437,0,0.3861003861,0
machine learning,1.5625,1.470588235,3.669724771,0,3.553299492,1.544401544,0
logstash,0,0,0,0,0,0,0
looker,0,0,0,0,0,0,0
product lead,0,0,0,0.5747126437,0,0.3861003861,0
lucee,0,0,0,0,1.015228426,0,0
lucene,0,0,0,0,1.015228426,0,0
product design,3.125,1.470588235,1.834862385,1.149425287,2.030456853,0.7722007722,0
core bluetooth,0,0,0.9174311927,0,0,0,0
lxc,0,0,0,0,0.5076142132,0,0
couchdb,1.5625,0,0,0,0,0,0
macos,0,0,0.9174311927,0.5747126437,0,0,0
polarion,0,0,0,0,0.5076142132,0,0
powerpoint,0,2.941176471,9.174311927,1.724137931,1.015228426,1.930501931,0
magento,1.5625,0,0,0,0,1.158301158,0
power systems,0,0,0.9174311927,0.5747126437,0.5076142132,0,0
power generation,1.5625,0,0.9174311927,0,0,0,0
postman,0,0,0,0,1.015228426,1.158301158,0
country manager,0,0,0,0,0,0.3861003861,0
cpu,0,0,0,0,0,0,0
pos,0,1.470588235,1.834862385,0,0,0.1930501931,0
cqrs,0,0,0,0,0,0.1930501931,0
opencl,0,0,0,0,0,0,0
customer support,1.5625,0,2.752293578,0.5747126437,1.52284264,1.158301158,0
omnigraffle,0,0,0,0,1.015228426,0,0
design thinking,1.5625,2.941176471,3.669724771,0.5747126437,1.52284264,0.1930501931,0
microsoft access,0,1.470588235,0,0,0.5076142132,0.1930501931,0
mqtt,0,1.470588235,0.9174311927,0,0.5076142132,0,0
design manager,0,1.470588235,0.9174311927,1.149425287,0,0.1930501931,0
mom,0,0,0,0,0,0,0
design research,0,0,0,0,0.5076142132,0,0
mockups,7.8125,1.470588235,1.834862385,1.149425287,2.030456853,0.3861003861,0
mock up,0,0,0,0.5747126437,1.015228426,0.1930501931,0
microsoft dynamics,0,0,0.9174311927,1.724137931,0.5076142132,0.3861003861,0
mobx,0,1.470588235,0,0,0,0,0
deviations,0,0,0,0.5747126437,0,0,0
deloitte,0,4.411764706,1.834862385,1.149425287,0,0.1930501931,0
dhcp,0,0,0,0,0,0,0
dhtml,0,0,0.9174311927,0,0,0.3861003861,0
middle east,0,0,0,0,0,0.5791505792,0
microstrategy,0,0,0,0,0,0.1930501931,0
microsoft word,0,0,6.422018349,0,0,0.5791505792,0
microsoft dynamics ax,0,0,0,0,0.5076142132,0,0
microsoft visual studio,0,0,0,0,1.015228426,0.7722007722,0
microsoft dynamics nav,0,0,0,0,0,0,0
microsoft excel,0,0,6.422018349,0.5747126437,0.5076142132,0.1930501931,0
design best practices,0,0,0,0,0,0,0
defect tracking,0,0,0,0.5747126437,0,0.1930501931,0
octopus deploy,0,0,0.9174311927,0.5747126437,0,0,0
newrelic,1.5625,0,0,0,0,0,0
cybersecurity,0,0,0,1.149425287,0,1.158301158,0
oauth2,0,0,0,0,0,0,0
numpy,0,1.470588235,0,0,0,0,0
data ingestion,0,0,0,0,0,0,0
data manipulation,0,1.470588235,0,0,1.015228426,0.3861003861,0
memcached,0,0,0,0.5747126437,0,0.7722007722,0
distributed computing,0,0,0,0,0,0.1930501931,0
ngrx,1.5625,0,0,0,0,0,0
merchant,0,1.470588235,0,0,1.015228426,0.5791505792,0
database administration,1.5625,1.470588235,0,1.724137931,1.52284264,0.9652509653,0
digital payments,1.5625,0,0,0,0,0,0
neural network,0,1.470588235,0,0,0.5076142132,0,0
metro,0,0,0,0,0,0,0
distillation,0,0,0,0,0,0.1930501931,0
netflix,0,0,0,0.5747126437,0.5076142132,0.3861003861,0
neo4j,1.5625,1.470588235,0,0,0,0,0
natural language processing,0,0,0,0,0,0,0
nagios,0,0,0,0.5747126437,0,0.1930501931,0
deep learning,0,1.470588235,0.9174311927,0,0.5076142132,0.1930501931,0
microservice architectures,0,0,0,0,1.015228426,0.1930501931,0
drone,0,0,0,0,1.52284264,0.1930501931,0
llvm,1.5625,0,0,1.724137931,0,0.3861003861,0
scikit learn,0,1.470588235,0,0,0,0,0
product roadmap,0,0,0,0,0.5076142132,0.5791505792,0
chart,3.125,1.470588235,0.9174311927,1.149425287,1.015228426,1.930501931,0
chef,1.5625,1.470588235,0,1.724137931,0,0.5791505792,0
jupyter,0,1.470588235,0,0,0,0,0
rfp,0,0,0.9174311927,0,0,0.1930501931,0
reverse engineering,0,0,0.9174311927,0,0,0.1930501931,0
chst,0,0,0,0.5747126437,0,0,0
reusable code,3.125,0,0.9174311927,0.5747126437,1.015228426,0.1930501931,0
jvm,1.5625,0,0,1.724137931,0.5076142132,0.5791505792,0
restful architecture,0,0,0,0,0,0.1930501931,0
circleci,0,0,0,0.5747126437,1.015228426,0,0
jwt,0,0,0,0,0.5076142132,0.1930501931,0
responsive websites,0,0,0,0,0.5076142132,0.1930501931,0
kali linux,1.5625,0,0,0,0,0,0
citrix,0,0,0.9174311927,0,0,0,0
rendering,0,1.470588235,0.9174311927,1.149425287,0,0.9652509653,0
remote teams,3.125,1.470588235,1.834862385,0.5747126437,2.538071066,0,0
clean architecture,0,0,0,0,0,0.3861003861,0
relays,0,0,0,0.5747126437,0,0.5791505792,0
clearcase,0,0,0,0.5747126437,0,0.1930501931,0
client invoicing,0,0,0,0,0,0,0
keras,0,1.470588235,0,0,0.5076142132,0.3861003861,0
root cause analysis,0,1.470588235,0,0,0.5076142132,0.3861003861,0
ror,0,0,0,0,0,0.3861003861,0
julia,0,0,0,0,0,0.1930501931,0
sap erp,0,0,0,0,0,0.3861003861,0
scikit,0,1.470588235,0,0,0,0,0
business growth,0,0,0.9174311927,0,0,0.3861003861,0
business management,0,0,0,0.5747126437,0,0.7722007722,0
scalable systems,3.125,0,0,0,0,0.5791505792,0
microsoft powershell,0,0,0,0,0,0.1930501931,0
c++11,0,0,0,0,0,0,0
scada,0,0,0.9174311927,0,0,0,0
call center,0,0,0,0,0,0.7722007722,0
sas,0,0,0.9174311927,0,0.5076142132,0,0
sap basis,0,0,0,0,0,0.1930501931,0
elixir,0,0,0.9174311927,0,0,0,0
sap,0,0,1.834862385,0,2.538071066,2.895752896,0
jquery ui,0,0,0,0,0.5076142132,0,0
salt stack,1.5625,0,0,0,0,0,0
salt,1.5625,1.470588235,0,0,0,0.1930501931,0
salesforce,0,0,1.834862385,1.724137931,1.015228426,0.1930501931,0
cassandra,1.5625,0,0.9174311927,0.5747126437,1.015228426,0,0
elk,0,1.470588235,0,1.724137931,0,0.1930501931,0
jscript,0,0,0,0,0.5076142132,0,0
celery,0,0,0,0,0,0.1930501931,0
keywords,1.5625,1.470588235,0,2.873563218,1.52284264,0.1930501931,0
kpi,0,1.470588235,0,0,0,0.9652509653,0
refining,0,2.941176471,0,1.149425287,6.598984772,2.123552124,0
containerisation,0,0,0,0,0.5076142132,0.3861003861,0
computer vision,0,0,0,0,0,0,0
pytorch,0,1.470588235,0,0,0,0.1930501931,0
landing pages,0,0,0,1.149425287,0,0,0
pyspark,0,1.470588235,0,0,0,0,0
pyramid,0,0,0,0,0,0.3861003861,0
elastic search,0,0,0,0,1.015228426,0,0
public relations,0,0,0,0,1.015228426,0.3861003861,0
public health,0,1.470588235,0,0,0,0,0
eclipse ide,0,0,0,0,0,0,0
protocol buffers,0,0,0,0,0.5076142132,0,0
lamp,4.6875,0,1.834862385,0,1.015228426,0,0
line production,0,0,0,0,0.5076142132,0.1930501931,0
promine,0,0,0,0,0,0.1930501931,0
drupal 8,1.5625,0,1.834862385,0,0,0.3861003861,0
continuous delivery,3.125,4.411764706,0,2.298850575,2.030456853,0,0
continuous deployment,1.5625,2.941176471,0.9174311927,0,1.52284264,0.5791505792,0
copywriting,0,0,0,1.149425287,0.5076142132,0.5791505792,0
product vision,1.5625,1.470588235,0,0.5747126437,0.5076142132,0,0
product support,0,0,0,0,0.5076142132,0.1930501931,0
product strategy,3.125,0,0,0,0.5076142132,0,0
qt,0,0,0,0,0,0,0
quality assurance engineer,0,1.470588235,0,0,0,0,0
cloud security,0,0,0.9174311927,0,1.015228426,0.3861003861,0
codeigniter,0,1.470588235,1.834862385,0.5747126437,1.52284264,0.7722007722,0
cloud services,1.5625,1.470588235,1.834862385,2.873563218,2.030456853,0.7722007722,0
red hat enterprise linux,0,0,0,0,0,0.5791505792,0
kyc,0,0,0,0,0,0.1930501931,0
cocoa,1.5625,0,0.9174311927,0,0,0.7722007722,0
cocoa touch,0,0,0,0,0,0.1930501931,0
cocoapods,0,0,0,0,0,0.3861003861,0
reactive programming,1.5625,1.470588235,0,0,0,0.1930501931,0
react redux,1.5625,0,0,0,1.52284264,0,0
codebase,0,1.470588235,0,2.873563218,0.5076142132,0.3861003861,0
commissioning,0,0,6.422018349,3.448275862,1.015228426,1.930501931,0
quality system,0,0,0.9174311927,0,0,0,0
rds,0,0,0.9174311927,0.5747126437,0,0,0
compiler,3.125,1.470588235,2.752293578,2.873563218,1.015228426,2.50965251,0
labview,0,0,0,0,0.5076142132,0,0
radar,0,0,0,0,0,0.1930501931,0
racket,0,0,0,0,0.5076142132,1.158301158,0
rabbitmq,0,2.941176471,0.9174311927,1.149425287,1.52284264,2.316602317,0
lambda,3.125,1.470588235,2.752293578,1.149425287,0,0.7722007722,0
querying,0,4.411764706,7.339449541,2.298850575,4.060913706,3.667953668,0
quantitative analysis,0,0,0,0,0,0,0
promises,1.5625,1.470588235,1.834862385,0,0,1.158301158,0