city,latitude,longitude
New York,40.726353535332066,-73.99887738757988
Austin,30.299579933333305,-97.74723517333346
Washington,38.81184305333342,-77.10893740444438
Houston,29.769764470319654,-95.40121735159836
Chicago,41.86125423369554,-87.64753903804355
San Francisco,37.77921611904755,-122.41062674404755
San Diego,32.7855290131579,-117.1622889407894
Seattle,47.60622955862065,-122.33264648275882
Los Angeles,34.05004456338023,-118.26994934507026
Dallas,32.837623850000035,-96.68033039999995
Boston,42.35691611666673,-71.06053320833327
Atlanta,33.78071227966095,-84.39101190677968
Arlington,38.27785698230091,-81.06027298230076
Denver,39.736849699029094,-104.97536216504867
Charlotte,35.28744051041665,-80.89484228125006
Columbus,39.797484851063786,-83.33203560638293
San Jose,37.346285292134866,-121.9009345617977
Phoenix,33.48895734090908,-112.06575818181827
Irvine,33.666919965517266,-117.79737424137929
Portland,45.283988923076954,-118.85505256410251
Baltimore,39.29680977777775,-76.6125224444444
Orlando,28.529842126760574,-81.35172564788732
Philadelphia,39.95877853521127,-75.16438938028169
San Antonio,29.467045599999988,-98.50718378571425
St. Louis,38.631927275362294,-90.24902162318845
Richmond,37.54819679104477,-80.25236576119403
Salt Lake City,40.74459550000001,-111.88920496969703
Raleigh,35.78215524590163,-78.6532070327869
Nashville,36.22889839344262,-86.86060427868851
Springfield,39.090750105263155,-85.38200812280702
Sunnyvale,37.37162319298241,-122.02980929824571
Las Vegas,36.150269500000014,-115.15293507142852
Kansas City,39.06845436363634,-94.5769664363636
Minneapolis,44.97433619999999,-93.28575938181815
Columbia,36.98934239622642,-81.7652044528302
Cleveland,40.72376171698111,-82.93264022641509
Herndon,38.9633915283019,-77.38889581132078
Remote,25.0,-40.0
Pittsburgh,40.45220052941178,-79.99087196078433
Fort Worth,32.74479845098039,-97.34122568627454
Cincinnati,39.158042640000005,-84.45917853999998
Reston,38.96167065306124,-77.34320487755107
Bellevue,47.21966712244899,-120.3205991632653
Mountain View,37.39808012500001,-122.08283512500002
Tampa,27.979342212765967,-82.44568025531917
Madison,42.61971906382978,-88.84406634042554
Milwaukee,43.039052413043486,-87.92168584782604
Jacksonville,30.354328826086963,-81.94300760869567
Colorado Springs,38.862949652173896,-104.79436782608693
Irving,32.84329106666667,-96.95411953333337
Santa Clara,37.3646921590909,-121.96024818181819
Rochester,43.22010018604653,-80.34994204651166
Miami,25.788762953488362,-80.22972709302321
Brooklyn,40.66518642857144,-73.96407809523807
Huntsville,34.62598535714285,-86.82277419047621
Albany,42.58105192682925,-78.83660253658536
Indianapolis,39.81972626829268,-86.1541776829268
Greenville,35.75398605128205,-81.07341584615381
Louisville,38.37001877777778,-87.33290605555558
Newark,40.08207725000001,-81.71219000000002
Sacramento,38.57749691428572,-121.45793431428571
Fremont,37.76981491176471,-119.74773052941175
Grand Rapids,42.96411408823529,-85.66454658823534
Cambridge,42.371647727272716,-71.10598139393942
Oakland,37.99532666666667,-119.35455939393937
Durham,36.14043439393939,-78.70086815151512
Alexandria,38.58068057575758,-77.53499936363633
Albuquerque,35.11125503030303,-106.61381681818183
Oklahoma City,35.490744312500006,-97.5247666875
Manhattan,40.4384668125,-79.35944465624999
McLean,38.93633703124998,-77.18797062499999
Fort Meade,39.10853250000002,-76.74165750000003
Tulsa,36.13124919354839,-95.9750617419355
Wilmington,39.275720633333336,-75.34910796666666
Palo Alto,37.44075043333332,-122.14359796666666
San Mateo,37.56005965517241,-122.32086910344832
Tempe,33.39868213793103,-111.93039993103449
Troy,42.17111355172413,-82.0240667586207
Baton Rouge,30.432092107142857,-91.1279141785714
Redmond,47.67282171428571,-122.12380728571426
Annapolis Junction,39.12269374074076,-76.78738148148148
Fairfax,38.85866448148149,-77.31429851851853
Buffalo,42.892300222222225,-78.8594933333333
Charleston,33.4098931111111,-80.12578437037037
Rockville,39.08244244444447,-77.15848385185183
Chantilly,38.88934907407407,-77.43859318518518
Lincoln,40.168754851851844,-91.49989940740741
Boulder,40.02037881481482,-105.25692403703705
Detroit,42.33563188888888,-83.04747296296294
Pasadena,33.30463950000001,-111.24405230769233
Ann Arbor,42.2739566923077,-83.7362511538462
Omaha,41.23619330769232,-96.01482326923077
Boise,43.61474811538461,-116.23816265384616
Fort Lauderdale,26.13314061538461,-80.15920984615384
Plano,33.03145048000002,-96.72194840000006
Bethesda,38.99184716,-77.10485143999999
Salem,42.742106240000005,-104.23631000000002
Tucson,32.23248223999999,-110.91919184000002
Plymouth,42.81937125000001,-82.12547483333333
Scottsdale,33.557775041666666,-111.894412375
Dayton,39.363778791666675,-84.63173020833335
Norfolk,36.85571039130435,-76.27767760869564
Alpharetta,34.083003956521736,-84.27270547826087
New Orleans,29.96009395454546,-90.07628859090913
Burlington,43.91267818181817,-82.54377190909092
Richardson,32.97003690909091,-96.71226468181818
Princeton,39.82476242857142,-77.42241761904764
Franklin,38.067337,-82.9930317142857
San Juan,18.847141999999995,-67.7023932
Virginia Beach,36.830958349999996,-76.03949324999998
Honolulu,21.318359789473686,-157.86582315789474
Milpitas,37.42986342105263,-121.9093710526316
Tallahassee,30.450121842105272,-84.27678484210526
Harrisburg,40.031039578947365,-77.05469426315788
Memphis,35.11998968421053,-89.99069389473685
Menlo Park,37.453304894736846,-122.18345210526317
Auburn Hills,42.67533615789475,-83.2481494736842
Jersey City,40.724194315789475,-74.0628292631579
Aurora,40.583721000000004,-97.84885131578947
Burbank,34.17958838888888,-118.3134216666667
Pleasanton,37.675684,-121.88858444444443
Midland,33.28436266666667,-100.10282033333334
Bloomington,41.82423016666666,-89.81245144444445
Santa Ana,33.74562794444444,-117.85541861111109
Duluth,37.55446627777778,-86.35740305555555
Sterling,39.1658588235294,-78.15101858823529
Lehi,40.40519611764706,-111.86302576470588
Cary,36.154685235294124,-79.34306211764708
Saint Petersburg,27.798962941176462,-82.69244494117646
Vancouver,45.634415000000004,-122.6495474117647
Frederick,39.401436749999995,-77.4212478125
Middletown,40.940104874999996,-74.97354637499998
Ontario,35.924150625,-117.49715737499997
Anaheim,33.839027875,-117.89550537500001
Carlsbad,33.1423071875,-117.3141803125
Redwood City,37.49163612500001,-122.23421499999996
Waltham,42.38402575,-71.24675624999999
Birmingham,35.18270356250001,-86.11862175
Queens,40.704158625000005,-73.80538187500002
Knoxville,35.955220625,-83.96157575000001
Warren,42.140634666666664,-79.61061973333332
Concord,38.657113933333335,-100.24320306666667
Roseville,40.005888266666666,-115.65083453333334
Spokane,47.666747933333326,-117.42011653333334
Orange,33.55204919999999,-110.05109000000002
Kirkland,46.94244673333334,-117.75723046666666
Green Bay,44.516506866666674,-88.021626
Addison,33.559637466666665,-96.24140959999998
Schaumburg,42.0380335,-88.07851785714284
San Francisco Bay Area,37.828039999999994,-122.29404999999998
Gaithersburg,39.13679785714286,-77.20991749999999
Fort Belvoir,38.71200585714286,-77.1513435714286
Lafayette,35.252127571428574,-92.06196500000001
Woburn,42.48337685714285,-71.14985714285714
Hollywood,28.928420142857142,-85.09350285714287
Aberdeen Proving Ground,39.46628114285714,-76.13683857142858
Des Moines,42.4240027857143,-97.71362571428573
Manchester,42.047883923076924,-74.6032143076923
Lexington,38.62471500000001,-82.09849276923076
Quantico,38.5213966153846,-77.30835461538462
Falls Church,38.883121230769234,-77.17628384615388
Chandler,33.303765615384606,-111.84265615384612
Englewood,39.638219692307686,-104.95668384615387
Saint Paul,44.914610999999994,-93.12598230769231
Reno,39.508136846153846,-119.8007223076923
Fresno,36.760273769230764,-119.77674807692308
Bedford,38.92282238461539,-81.29420884615385
Augusta,38.02211015384615,-78.76990323076923
El Segundo,33.919287615384604,-118.40773892307689
Reading,40.42642792307693,-76.20712807692308
Bethlehem,40.63742461538462,-75.36952307692307
Santa Barbara,34.42499876923077,-119.70287807692308
Long Beach,33.77679669230769,-118.18332423076922
Fort Myers,26.585519538461536,-81.8523676923077
Mesa,33.424666666666674,-111.80715483333334
Davis,38.543131833333334,-121.74027341666665
Hartford,42.02435341666666,-75.29988125
Torrance,33.840098833333336,-118.32898241666668
Dulles,39.070371,-77.61019333333333
Fayetteville,35.10511541666667,-82.55771683333334
Research Triangle Park,35.899875,-78.858385
Frisco,33.151312999999995,-96.832175
Littleton,40.05162349999999,-99.4643635
El Paso,31.766796916666667,-106.47216625
Morrisville,36.93240775,-77.812822
Glendale,34.1509625,-118.25136166666665
Tacoma,47.24632583333334,-122.4422475
Dublin,38.58763691666666,-82.88625208333333
Auburn,39.195038333333336,-95.07953299999998
Industry,34.020073499999995,-117.94733891666665
Greensboro,36.067117499999995,-79.82961166666666
Monroe,38.82467458333334,-87.41036116666669
Chattanooga,35.05389616666667,-85.25194783333333
Corona,33.87263936363637,-117.57316181818182
San Marcos,30.769458636363638,-103.19097327272729
Overland Park,38.95114009090909,-94.69066945454546
Dahlgren,38.331239999999994,-77.05109000000002
Fort Wayne,41.095729636363636,-85.13920672727274
Henderson,35.732144,-106.54484172727271
West Palm Beach,26.712392272727275,-80.08171272727272
Savannah,32.06010690909091,-81.11710545454547
Wayne,40.92898754545454,-76.22763636363636
Lake Forest,34.43457781818182,-114.97225345454545
Little Rock,34.74607145454545,-92.31653145454544
Boca Raton,26.40814172727273,-80.08435909090909
The Woodlands,30.153216727272728,-95.48449000000001
Everett,45.94379699999999,-103.6148400909091
Marysville,44.30579690909091,-111.48731490909094
Lynchburg,37.370248454545454,-79.19730454545454
Woodland Hills,34.171336090909094,-118.60571454545453
Lansing,42.731959272727266,-84.56571872727272
Fairfield,39.50132045454546,-94.46564436363637
Asheville,35.58190554545455,-82.55635027272729
Syracuse,43.066379636363635,-76.13803081818183
Mechanicsburg,40.21392118181818,-77.00422918181819
Rome,38.742386700000004,-80.315101
Fort Collins,40.5722727,-105.07493500000001
Jackson,35.300062100000005,-88.7937906
Camden,38.58140469999999,-75.5227004
Beaverton,45.47892589999999,-122.79662750000003
Ashburn,39.0375811,-77.4831325
Sparks,39.5330379,-111.0853956
Portsmouth,40.57573709999999,-72.991838
Renton,47.482103900000006,-122.21204599999999
Stamford,41.050500899999996,-73.53835459999999
College Station,30.6295753,-96.34699099999997
Kingsport,36.54853479999999,-82.55874100000001
Norwalk,40.663486199999994,-79.6021676
Lenexa,38.9523732,-94.74255149999998
Corpus Christi,27.7854632,-97.397772
Silver Spring,38.9993181,-77.0229535
Waco,31.548888599999998,-97.14383849999999
Lebanon,39.090948000000004,-83.436448
Towson,39.401986300000004,-76.6031496
Dearborn,42.31513640000001,-83.21417480000002
Newton,40.218133900000005,-74.58062949999999
Fort Washington,40.140282,-75.2043904
Lakewood,42.0153721,-104.149569
Allentown,40.600994899999996,-75.497735
Bozeman,45.6782343,-111.066114
Melbourne,28.1062466,-80.627894
Worcester,42.25578855555555,-71.81018377777777
Tysons Corner,38.93108666666667,-77.23232333333334
Farmington,42.03146,-75.67417777777777
Lancaster,39.46804755555556,-78.52212333333334
Brighton,41.08125066666667,-92.62470300000001
York,39.833373111111115,-79.672375
Bakersfield,35.36984377777778,-119.06356666666667
South Bend,41.682026111111114,-86.26429488888888
Chesterfield,38.82001322222223,-86.82264177777779
Annapolis,38.977856777777774,-76.51570755555555
Brentwood,36.00057422222223,-86.79652777777778
San Fernando,34.28238666666667,-118.43780044444445
Berkeley,37.86714433333334,-122.2802548888889
Broomfield,39.90687777777778,-105.09563111111113
Santa Monica,34.020042000000004,-118.48469944444443
Owings Mills,39.42264977777778,-76.77994333333335
Akron,41.27560311111111,-81.18197277777776
Lombard,41.848188888888885,-88.01492400000001
Riverside,33.96490544444445,-117.39535344444448
Beaumont,30.07851788888889,-94.11627944444446
Meridian,38.6151271111111,-104.07850222222223
Centennial,39.583776666666665,-104.8704977777778
Athens,35.955946555555556,-85.58108477777779
Blacksburg,37.206447888888896,-80.40824444444443
Evansville,39.06443144444445,-91.73463622222222
South Plainfield,40.57292122222222,-74.41711533333334
Johnson City,36.31098577777777,-83.43670422222222
Lewisville,33.05189066666666,-97.00057955555555
Santa Fe,35.67897500000001,-105.95391111111114
Naperville,41.77997844444444,-88.16284288888889
Richland,41.61266322222222,-109.57596599999998
Pomona,34.05543522222222,-117.7684
Peoria,40.70482011111111,-89.59407222222221
Somerville,41.98460733333333,-71.88060333333334
Gainesville,31.72258344444445,-83.00838888888889
Carrollton,33.203278375,-92.4724265
Blue Ash,39.238921375000004,-84.37776674999999
Clearwater,27.929322749999997,-82.75895625000001
Winchester,39.190231874999995,-78.16299074999999
Dallas-Fort Worth,32.754234000000004,-97.06376
Erie,42.127522625,-80.07739875
Marlborough,42.34505250000001,-71.553754
Fargo,46.853078374999996,-96.82959112500001
South San Francisco,37.653513499999995,-122.41914499999997
San Luis Obispo,35.282486625,-120.66314062500001
Patuxent River,38.281155000000005,-76.42046249999999
Andover,42.657247999999996,-71.15085625
Aberdeen,39.509488375000004,-76.16641125000001
Piscataway,40.53979700000001,-74.438814
Rock Hill,34.92007625,-81.02089625
Round Rock,30.507864875,-97.665859375
Los Gatos,37.24587275,-121.96843750000001
Hillsboro,45.53625325,-122.94916425000002
Hanover,39.237761875000004,-76.904775
Provo,40.228555875,-111.65946050000001
Santa Rosa,38.457314499999995,-122.729784375
Katy,29.797350499999997,-95.81660875
Bristol,41.277608,-73.216487
Toledo,41.669166624999995,-83.559169375
Woodbridge,39.138639375,-76.539865
Cedar Rapids,41.99773450000001,-91.64348800000002
The Dalles,45.599214749999994,-121.18207887500002
Providence,41.816078375000004,-71.41447375
Manassas,38.750949999999996,-77.47527000000001
Santa Cruz,36.994166125,-122.051054
West Chester,39.86799085714285,-76.85821857142857
Orchard Park,42.77270071428571,-78.77396285714285
Cheyenne,41.13956785714286,-104.81090428571429
Clayton,38.40213357142857,-84.43491714285715
Edwardsville,38.810993571428575,-89.95272000000001
Clifton,40.85219571428571,-74.16789142857144
Sterling Heights,42.580744857142854,-83.03678628571427
Longview,34.43656657142857,-98.75585742857143
Newport,41.51282342857143,-72.05720714285715
Leesburg,36.169486,-78.78914285714286
Clarksville,37.532382857142856,-86.45004514285715
Watertown,44.16032785714286,-89.18261685714285
Glen Allen,37.65643457142857,-77.56011099999999
San Ramon,37.77838071428572,-121.97545214285715
Petaluma,38.238111142857136,-122.6274257142857
Fairmont,39.466752142857146,-80.15552571428573
Lowell,41.90966057142857,-81.9387364285714
Hillsborough,40.86373285714286,-74.25384714285714
Coraopolis,40.51828828571428,-80.181944
Marion,38.68982142857143,-81.55985
Novi,42.47811014285714,-83.46377642857144
Lexington Park,38.269380857142856,-76.46633971428571
Loveland,40.08193242857143,-99.14090428571429
Spokane Valley,47.670757714285706,-117.23234285714285
Dover,40.51430657142857,-75.04308999999999
Bethpage,40.74851699999999,-73.48855571428571
Poway,32.95549857142857,-117.03630000000001
Florence,33.606151142857144,-82.73811642857142
Binghamton,42.11553057142857,-75.90496571428571
Kenosha,42.57839357142858,-87.83597999999999
King of Prussia,40.09308,-75.39283714285715
Eugene,44.036772857142864,-123.07988785714285
Tustin,33.728517571428576,-117.82592857142858
Fort Pierce,27.437988571428566,-80.33519885714284
Sioux Falls,43.53449314285715,-96.73250499999999
Westerville,40.12177971428571,-82.92948999999999
New Haven,41.27337285714286,-74.65123271428571
Sandy,40.57717371428571,-111.88325571428572
Melville,40.79068614285715,-73.41166
Deerfield,41.84295957142857,-85.90594942857145
Parsippany,40.85997485714285,-74.41872428571428
Newport Beach,33.638222999999996,-117.88356285714283
Downers Grove,41.80194171428571,-88.03084142857143
Skokie,42.031006857142856,-87.73085428571429
Malvern,40.03976428571429,-75.5181857142857
Macon,32.855572142857135,-83.65557657142858
Fort Bragg,35.13896671428572,-79.00517071428574
Iselin,40.572910428571426,-74.31828428571428
Marietta,35.51350285714286,-83.64221057142858
Kent,46.50410885714285,-116.40346714285714
Holland,42.765511000000004,-86.09775085714286
Kennesaw,34.01320428571429,-84.59253428571428
Hastings,43.24429571428572,-87.46098428571429
Greenbelt,39.005613999999994,-76.87271571428572
Smyrna,35.38316857142858,-85.94596571428572
Wichita,37.689038000000004,-97.32197083333335
Menomonee Falls,43.146896999999996,-88.116375
Hoboken,40.742414000000004,-74.03125666666666
Chico,39.73497116666667,-121.83444833333334
Stockton,37.938777333333334,-121.28238066666665
Jefferson City,37.75857,-89.27981333333332
Anchorage,61.19465966666667,-149.88742333333334
Lawrence,39.59000666666667,-91.23231750000001
Chesapeake,36.801858,-76.26382666666667
Rancho Cucamonga,34.096676333333335,-117.56910750000002
West Bloomfield Township,42.564451999999996,-83.37917
Pontiac,41.21854299999999,-82.88488499999998
Mason,39.33801333333333,-84.30860166666666
Bellingham,47.639584333333325,-113.97370333333335
North Charleston,32.88072833333333,-80.00131999999999
Denton,33.224803333333334,-97.11109333333332
Bloomfield,41.019812,-75.58136133333333
Garland,32.9094335,-96.65650749999999
Sumner,47.19922416666666,-122.23261000000001
Roanoke,37.27866,-79.95403000000002
Hampton,38.0112215,-75.422645
Cumming,34.197305,-84.145825
Somerset,41.27972433333334,-77.52935333333333
Fife,47.238663333333335,-122.36037
Livonia,42.38180916666666,-83.37501416666667
Hauppauge,40.823218833333335,-73.22018333333332
Quincy,41.861712833333335,-74.41087166666667
Mount Pleasant,36.109066166666665,-82.54603566666665
Temecula,33.5027545,-117.15657700000001
Tigard,45.43123,-122.77148999999999
Greenwood Village,39.61465033333334,-104.93283166666667
Mooresville,35.58638,-80.81472083333334
Roswell,34.0320515,-84.35272366666668
Winston-Salem,36.09926333333333,-80.25729249999999
Brooklyn Park,45.08922716666667,-93.36049166666668
Georgetown,33.15455883333333,-93.300145
Broken Arrow,36.05133833333333,-95.79372333333333
Walnut Creek,37.90482766666666,-122.06223899999999
Carson,34.378186,-111.43372266666667
Culver City,34.02125633333333,-118.39349999999997
Rocky Mount,36.29135333333333,-78.49101333333333
Webster,34.09809033333334,-89.23600666666665
Raleigh-Durham,35.883064,-78.76861600000001
Daytona Beach,29.187910666666667,-81.02666333333333
Salisbury,37.015820000000005,-78.03680000000001
Middleton,43.10295166666666,-89.51716166666667
Helena,46.592688833333334,-112.03707933333334
Charlottesville,38.04349233333333,-78.462195
Rockford,42.40749433333334,-88.50228499999999
Golden,39.75437133333333,-105.21230333333334
Norcross,33.94470633333333,-84.2098175
Saint Charles,39.309049,-90.135534
Tumwater,47.00732,-122.90931
Fredericksburg,38.297729333333336,-77.484706
Draper,40.52467000000001,-111.86381999999999
Eau Claire,44.827877,-91.48014333333333
Lubbock,33.572214499999994,-101.87038833333332
Chino,34.00890499999999,-117.689775
Appleton,44.2708135,-88.39489166666665
Long Island City,40.74539966666667,-73.941995
Carmel,39.952046499999994,-86.18335666666667
Foster City,37.556779999999996,-122.27078499999999
Shelton,44.232642,-98.09794066666666
Grand Prairie,32.738124166666665,-97.01280333333334
Foothill Ranch,33.682424,-117.659552
Neenah,44.1896828,-88.470502
Canton,40.905305,-78.402681
Van Nuys,34.2026356,-118.46888200000001
Manitowoc,44.0875674,-87.666422
Kalamazoo,42.2625982,-85.6383152
Metairie,30.013645000000004,-90.154465
Myrtle Beach,33.68167,-78.8987432
West Covina,34.0659032,-117.93841400000001
Naples,28.8947648,-83.4879152
Murray,38.239563,-97.743746
Elgin,42.0538144,-88.31036499999999
Harvey,29.907809999999994,-90.06606
Chelmsford,42.584731999999995,-71.31635000000001
Barrington,41.263365,-82.901732
Glen Burnie,39.169716,-76.625394
Westfield,42.0991944,-73.72131879999999
Suwanee,34.0559932,-84.076092
Bradenton,27.489187200000003,-82.559004
Eden Prairie,44.860839399999996,-93.45280199999999
Santa Paula,34.3558752,-119.06388999999999
Maryland Heights,38.71965960000001,-90.435666
Greenfield,40.9943222,-83.57475600000001
Pensacola,30.432622000000002,-87.22344
Bismarck,46.797207,-100.75291
Doral,25.7910408,-80.35098
Vista,33.19526280000001,-117.23870299999999
Cranbury,40.326539999999994,-74.506072
Crystal City,38.7311748,-79.71564
Fort Eustis,37.106753600000005,-76.55663200000001
Hamden,41.3691252,-72.91725
Austell,33.7819802,-84.586514
Inland Empire,34.06722,-117.54443999999998
Ventura,34.28280600000001,-119.266049
Issaquah,47.5310434,-122.02146499999999
Fall River,41.7218456,-71.1413528
Johnston,41.7340684,-84.82308
Eagan,44.80413,-93.16689000000001
Bowling Green,36.98618660000001,-86.456354
Westborough,42.273606,-71.6068858
Tuscaloosa,33.194553199999994,-87.541098
Flagstaff,35.1997516,-111.63486600000002
Ogden,41.24016,-111.98128000000001
Traverse City,44.757557,-85.62286800000001
Meriden,41.529386,-72.8163376
Woodlawn,38.94956,-76.89135999999999
Ithaca,42.4563352,-76.487558
Southfield,42.473965,-83.226252
Edison,40.5198756,-74.407567
San Carlos,37.50716,-122.26052
Milford,42.0733656,-81.87211099999999
Lake Mary,28.756327999999996,-81.33201199999999
Davenport,39.7462296,-103.264418
Livermore,37.685680000000005,-121.76216
Stafford,34.917634,-84.675962
Oxford,37.9574696,-77.597639
Fountain Valley,33.706122,-117.946958
Conroe,30.3131324,-95.45888319999999
Allen,33.1044444,-96.689103
Saint Peters,38.7820488,-90.61107799999999
Woodcliff Lake,41.02343,-74.06653
Pierre,44.38413200000001,-100.31853599999998
Suitland,38.8441548,-76.92181599999999
Pueblo,38.2655118,-104.58008
Amherst,41.626039199999994,-74.892684
New Berlin,42.9408584,-85.5618418
Cuyahoga Falls,41.142004,-81.491753
Williamsburg,37.156142,-78.18082999999999
Bentonville,36.381124,-94.21080979999999
Emeryville,37.84029760000001,-122.29251400000001
Sugar Land,29.610533399999998,-95.62478999999999
Hebron,39.4285316,-83.81374000000001
Schenectady,42.81421400000001,-73.94048599999999
Caguas,18.23412,-66.0485
High Point,35.9889464,-79.987942
Campbell,37.282798400000004,-121.94603400000001
Frankfort,38.616372,-85.23057000000001
Morristown,37.1312876,-81.528971
Plainfield,41.79141,-84.85066400000001
Maple Grove,45.090438,-93.444973
Vienna,38.9087512,-77.25536
Davie,26.073519599999997,-80.25577799999999
Itasca,41.973418,-88.00252600000002
Yorktown,37.220759,-76.4995675
Horsham,40.18006375,-75.14360400000001
Aiken,33.5876245,-81.69583
Miramar,25.984032499999998,-80.26899875000001
Peachtree Corners,33.9701,-84.22159
Basking Ridge,40.690569499999995,-74.5660255
Forest,33.602975,-86.9366385
Lawrenceville,35.53788,-81.6920525
Elk Rapids,44.902376000000004,-85.40374749999998
Mineola,40.74525,-73.64111
Coppell,32.944152,-96.9975895
Coral Springs,26.27660875,-80.28371
Liverpool,43.10646,-76.2177
Pewaukee,43.079346,-88.2575775
Merrimack,42.857836000000006,-71.50110875
Linthicum,39.20511,-76.65275
Greenwich,41.044245000000004,-73.65144000000001
Lisle,41.7986,-88.07500375000001
Sanford,30.468075000000002,-80.7648875
Sulphur Springs,33.14053,-95.59898000000001
Fort Lee,39.174257,-75.653355
Rosemead,34.065647750000004,-118.0823
Thomasville,34.890352500000006,-81.99545250000001
Blackfoot,43.191045,-112.34725875000001
Bronx,40.817575000000005,-73.90084625
Universal City,34.1389,-118.35341000000001
Windsor Locks,41.9321735,-72.634105
Shaw AFB,33.978936499999996,-80.47645700000001
Coral Gables,25.72149,-80.26838000000001
Ellicott City,39.271898,-76.80617500000001
Framingham,42.303121000000004,-71.4525325
Agawam,42.0627865,-72.64129249999999
New Castle,40.037893000000004,-76.76098875
Elyria,41.3688315,-82.1069775
Norristown,40.1215,-75.3399
Laurel,38.973017750000004,-76.54081
Rockledge,28.291796,-80.7029
Billings,45.77159975,-108.5497175
Idaho Falls,43.47816924999999,-112.0432525
Logan,41.75087275,-111.80369400000001
Newport News,37.034887499999996,-76.454275
Scott AFB,38.5427,-89.85035
West Valley City,40.691727,-111.98774500000002
South Burlington,44.45965575000001,-73.1638925
Lawrenceburg,37.87462425,-85.4898325
Las Cruces,32.33757075,-106.751935
Mansfield,39.3424125,-80.52529
Midvale,40.61786624999999,-111.89952499999998
Rocky Hill,41.66482,-72.63926
Northville,42.423807499999995,-83.4839825
Warner Robins,32.6083685,-83.619137
Clinton,38.88654375,-81.42152000000002
Woodbury,42.86993125,-83.21834100000001
Janesville,42.711682,-89.01553974999999
Farmers Branch,32.9263075,-96.8803375
Rosslyn,38.89678,-77.07248
Deer Park,38.35508175,-82.4785325
Plantation,26.119151499999997,-80.2346985
Chamblee,33.89205,-84.29881
Saginaw,40.787698,-87.327045
DeLand,29.006778999999998,-81.30775550000001
Hicksville,40.7593235,-73.51510999999999
Scranton,41.41014,-75.664615
Minneapolis-Saint Paul,44.96219,-93.17856
Los Alamos,35.88808,-106.30696999999999
Chatsworth,34.2504525,-118.59365625
Ponca City,36.707506,-97.08612749999999
Montvale,41.04907349999999,-74.048291
La Crosse,43.79997924999999,-91.2349575
Carpinteria,34.39888,-119.51846
Altoona,41.09099,-85.95232
Summerville,33.018161,-80.1935
Surprise,33.629230750000005,-112.35928
Port Huron,42.970859999999995,-82.42491
Smithfield,41.9231565,-71.54572125
Studio City,34.14394075,-118.38884000000002
Sunrise,26.15243,-80.31543625
Springville,40.1748295,-111.61851199999998
Wayland,42.3428875,-71.36478600000001
Hudson,42.04875075,-77.17578124999999
Modesto,37.6375995,-120.96975725000001
Brunswick,31.15967775,-81.4877175
Pembroke Pines,26.00859425,-80.24674375000001
Merced,37.30216,-120.48297
Lititz,40.1422905,-76.30991
Chevy Chase,38.966210000000004,-77.08123499999999
McAllen,26.202495000000003,-98.22977999999999
Brea,33.917965,-117.89913250000001
Maryville,35.7686625,-83.98997750000001
Fond du Lac,43.789505,-88.48286000000002
East Peoria,40.675129999999996,-89.5580525
Perryville,38.63979499999999,-82.94075000000001
Brevard,35.235477,-82.73043
Tysons,38.9361615,-77.248215
City of Lakeland,28.05678,-81.95241999999999
Suffolk,36.8114335,-76.509912
Odessa,31.86254,-102.3479125
Westlake,39.347623,-85.73354749999999
Rensselaer,41.79697,-80.44749200000001
Billerica,42.55843,-71.26895
Butler,40.839916,-79.9117035
Mobile,30.6656295,-88.08576375
Fort Atkinson,42.925497,-88.84109799999999
Sarasota,27.36352675,-82.5342245
Fort Smith,35.36418075,-94.4090225
Sierra Vista,31.548054750000002,-110.2927175
East Lansing,42.743263500000005,-84.4739205
Wilsonville,45.30507575,-122.76803749999999
Elk Grove Village,42.00479825,-87.96842
Thousand Oaks,34.188405,-118.82988499999999
Tracy,37.7307775,-121.41673
Hutto,30.5427,-97.54666999999999
Ames,42.02871,-93.64391
Buffalo Grove,42.16409875,-87.93585
Amarillo,35.222,-101.8313
Haverhill,42.7762,-71.07728
Morgantown,40.022134,-76.89113350000001
Venice,33.9932515,-118.46681
Folsom,38.667646500000004,-121.18096750000001
Danville,38.366155,-83.51272625
Montgomery,34.65706075,-83.28508375
Canandaigua,42.87423,-77.28804000000001
Bohemia,40.77112075,-73.112695
McKinney,33.20177625,-96.6239125
Harrisonburg,38.46893875,-78.83266875
Paducah,37.066618500000004,-88.630725
Calabasas,34.14571675,-118.647775
Sedona,34.86906175,-111.7611075
Olathe,38.89604925,-94.81590600000001
Redlands,34.0588275,-117.18444249999999
Martinsburg,39.4700255,-77.9717425
Bridgeton,39.42654424999999,-75.204365
Farmington Hills,42.49777525,-83.36007124999999
Playa Vista,33.97279,-118.42758
Napa,38.306864,-122.3023925
Fenton,39.6038595,-88.76986249999999
Selection,40.9639,-92.78325
Northborough,42.337647000000004,-71.62953125000001
Londonderry,42.914320000000004,-71.41405999999999
Millville,39.351915250000005,-75.0191625
Rocklin,38.80529249999999,-121.241765
Henrico,37.640827,-77.5764
Iowa City,41.660853333333336,-91.53678000000001
Crestview,30.76213,-86.57051
Hill AFB,41.12532,-111.98333999999998
Conyers,33.658993333333335,-84.00249333333333
Michigan City,41.70256666666667,-86.90628166666669
Monrovia,34.148215,-118.00283333333334
Camp Hill,40.22850333333333,-76.93599
Palmdale,34.58128666666667,-118.12718533333334
Hawthorne,38.701450666666666,-88.65398333333333
Freeport,37.31710566666667,-86.19077666666668
El Monte,34.071089,-118.04448833333333
Hartland,43.338413333333335,-90.06001833333333
Racine,42.724183333333336,-87.8197
Arroyo Grande,35.096133333333334,-120.58124
Somersworth,43.249073,-70.86061000000001
Yakima,46.59977,-120.51631333333334
Twinsburg,41.31256,-81.44011
Cumberland,41.954186666666665,-71.42894333333334
Nashua,42.76577166666667,-71.46690533333333
Deerfield Beach,26.319737666666665,-80.11505999999999
Ponce,18.01108,-66.61406
Bridgewater,40.590759999999996,-74.61601
San Bruno,37.63049,-122.41108000000001
Goodyear,33.453341333333334,-112.36967666666669
Bangor,44.79697000000001,-68.79045166666667
Washington Navy Yard,38.87382,-76.995
River Falls,44.874306666666676,-92.62944333333333
New Holland,40.10133333333333,-76.09132666666666
Medford,43.308422,-94.77342133333332
Beltsville,39.034568666666665,-76.90752866666666
Moorestown,39.97147733333333,-74.92879333333333
San Benito,26.13258,-97.6311
Baytown,29.75933333333333,-94.91787666666666
Mifflintown,40.560112,-77.39755
Gilbert,33.328700000000005,-111.79233
Butte,46.00471100000001,-112.53454999999998
Pawtucket,41.87871,-71.38256
Sussex,43.133900000000004,-88.22204
Artesia,32.84233,-104.4033
Cranberry Township,40.69757,-80.11395
Old Hickory,36.25978,-86.64777
Alameda,37.772465333333336,-122.25360333333333
Souderton,40.29961866666667,-75.33100333333334
Wyandotte,40.432458,-86.97570999999999
Durant,33.997202666666674,-96.37495999999999
Anna Maria Island,27.5142,-82.71899
Raymond,40.33478,-83.46576
Wellesley,42.296490000000006,-71.29256
De Pere,44.42395333333334,-88.07445799999999
Hemet,33.729843,-116.97996
Natick,42.29176966666667,-71.35759666666667
Whitestown,39.99726,-86.34583000000002
East Brunswick,40.435508000000006,-74.41729333333332
Maitland,28.627779999999998,-81.36312
Niagara Falls,43.10008,-78.98653666666667
Tyler,32.34954266666667,-95.30691200000001
Huntington Beach,33.700318,-118.00262333333335
Bartow,27.897430666666665,-81.83198800000001
Blue Bell,40.13766233333333,-75.27200666666666
Warsaw,41.73663466666667,-83.27847333333334
Sewickley,40.53836966666666,-80.14356500000001
Plymouth Meeting,40.10812766666667,-75.28032666666667
Valencia,34.44361,-118.60953
Olive Branch,34.96176,-89.82953000000002
Malta,44.76736666666667,-85.15317333333333
Evanston,42.04268533333334,-87.68747333333333
Oxnard,34.200143999999995,-119.15827666666667
Berlin,41.96403033333333,-72.94552
Manhasset,40.79792,-73.698425
Fallon,39.44222,-118.72440333333333
Malibu,34.03075666666667,-118.73391666666667
El Dorado Hills,38.695586666666664,-121.08107666666665
Medina,43.217672,-78.39054666666667
New Braunfels,29.703113333333334,-98.12389666666665
Geneva,42.868959999999994,-76.97774
Union,42.91352533333333,-90.532282
Salinas,36.683128,-121.63346133333334
Monmouth Junction,40.40070966666667,-74.53237333333334
Independence,40.392774,-104.44036999999999
Statesville,35.79643033333334,-80.87263
DeKalb,41.93589333333333,-88.73375333333333
Pella,41.408226000000006,-92.91519666666666
Okemos,42.717429,-84.42523
Hoffman Estates,42.057876666666665,-88.13645000000001
Stratford,41.196286666666666,-73.12522666666666
Williamsport,41.23838,-77.01691466666666
Yardley,40.24566,-74.846
Dickinson,46.87918,-102.78962
Bremerton,47.56826133333333,-122.70899333333334
Spanish Fork,40.102556666666665,-111.63297333333333
Fallbrook,33.385796,-117.23796999999998
Des Plaines,42.03627799999999,-87.89274866666666
Ladson,32.99603333333334,-80.10842133333334
Viola,43.494087,-90.63128999999999
Ridgefield Park,40.85199333333333,-74.02154533333334
Mankato,44.187255,-93.98092666666666
Utica,43.107643333333336,-75.21278333333333
Martinez,33.525,-82.10141999999999
Asheboro,35.727032333333334,-79.81029666666667
Camp Parks,37.71111,-121.8936
Hayward,37.63987166666667,-122.08584533333332
Chambersburg,39.92656333333333,-77.65472333333334
Winter Park,28.601680666666667,-81.3571
South Portland,43.633477666666664,-70.26213666666668
Crete,40.622673,-96.95963
Saint Augustine,29.904758,-81.38041333333332
Anderson,36.370733333333334,-83.66017
Rapid City,44.08121766666667,-103.22971333333332
Gallatin,36.385527,-86.44373933333334
Pleasant Prairie,42.535957,-87.91505866666667
Park Ridge,41.99755466666667,-87.84106333333334
O'Fallon,38.737829999999995,-90.43697000000002
Arvada,39.79842566666667,-105.08259666666667
McDonough,33.446145333333334,-84.158535
Taylor,38.35030833333334,-87.98497666666667
Edina,44.88494600000001,-93.35808333333334
Spring Hill,34.324576666666665,-88.08516833333333
Perry,41.771046000000005,-81.17957
Westbury,40.756211,-73.58425333333334
Canyon Lake,29.871964000000002,-98.27252800000001
Hershey,40.28636,-76.65785666666666
Federal Way,47.304553999999996,-122.31328
Compton,33.888083333333334,-118.22712
Southborough,42.300748,-71.52760333333333
Irwindale,34.11292666666666,-117.92456666666665
Wichita Falls,33.91241933333333,-98.49686333333334
Wakefield,42.51944866666667,-71.06157933333334
Morris Plains,40.828179000000006,-74.47653333333334
Elkton,39.621741,-75.84339666666666
Andrews AFB,38.80531,-76.8746
Buda,30.071878666666663,-97.83943
Ypsilanti,42.238476666666664,-83.61658133333333
Carbondale,40.28402,-80.079302
Exton,40.029,-75.62077
Humble,30.001287,-95.23204533333335
Canonsburg,40.26712666666666,-80.16308666666667
Miami Beach,25.79266266666667,-80.14013333333332
Richfield,43.662335333333324,-89.40887333333335
Portage,42.232032333333336,-87.94185666666668
Eatontown,40.29743333333334,-74.057565
Quakertown,40.441561,-75.36742666666666
Wausau,44.956245,-89.65002999999997
Murfreesboro,35.85441133333334,-86.40534333333333
Houma,29.56410666666667,-90.70194333333335
Covington,33.339868333333335,-88.24376333333333
McPherson,38.382008,-97.63442666666667
Champaign,40.10910233333333,-88.24584
College Park,35.418101,-81.93077
Ocala,29.11398733333333,-82.05179666666668
Flower Mound,33.01457,-97.09696000000001
Irvington,41.03922,-73.86823000000001
Worthington,40.11186466666667,-83.01216
Decatur,37.8356,-87.40054333333335
Boston Heights,41.26478,-81.51317
Brookline,42.33595,-71.12151166666666
Toronto,40.46423,-80.60091
Edmond,35.63972,-97.50586833333334
Avon,40.958018,-87.13456866666667
Metropolis,37.15117,-88.73200000000001
Olympia,47.040592000000004,-122.89843
Pennington,40.306026,-74.78654
Edgewater,36.876381,-76.28783666666668
Forest Hills,40.61740333333333,-75.85010999999999
Melrose Park,41.903436666666664,-87.86591
San Bernardino,34.12539933333334,-117.29843333333334
Gresham,45.498584333333326,-122.42779666666668
Fulton,40.44990333333333,-81.75953133333333
Rosemont,41.995309999999996,-87.88450999999999
Lanham,38.96706,-76.86192
San Angelo,31.46647466666667,-100.43649733333332
Devens,42.545213,-71.60942266666666
Pinellas Park,27.855701,-82.70623
Brownsville,25.93433166666667,-97.455805
Newburgh,41.495540000000005,-74.02909
San Clemente,33.457775,-117.586075
Goleta,34.433969999999995,-119.83339999999998
Perrysburg,41.54623333333333,-83.56790666666667
San Juan Capistrano,33.53297533333333,-117.67139000000002
Spring,30.069126666666666,-95.45551333333333
Anaconda,46.12854000000001,-112.94225999999999
Acworth,34.07804866666666,-84.66613333333335
Cedar Park,30.5052,-97.82029
Superior,44.478198666666664,-96.45247466666667
Brookfield,43.051553333333324,-88.11565033333333
Costa Mesa,33.65413266666667,-117.91526499999999
Chula Vista,32.63748933333333,-117.05752333333334
Maumee,41.57023,-83.66227466666666
Bothell,47.76540333333333,-122.19859000000001
Windsor,41.84947,-88.96219
Oak Ridge,36.01036,-84.26964
Largo,27.897760666666667,-82.75318
North Billerica,42.59041133333334,-71.29172999999999
Hialeah,25.867896333333334,-80.30142333333333
Syosset,40.80711,-73.51593000000001
â€˜Ewa Beach,21.31556,-158.00722
Kennett Square,39.84942,-75.706702
Round Lake,42.35283333333333,-88.09309999999999
Estero,26.43814,-81.80675
Burr Ridge,41.74892,-87.91839
Warrenton,38.71606,-77.79384
Bonita Springs,26.356897333333336,-81.77660166666666
Manasquan,40.122203999999996,-74.06354
Hunt Valley,39.496669999999995,-76.64718666666666
Woodlandhills,34.16833,-118.605
Euless,32.826024000000004,-97.09103733333335
Chester,40.664600666666665,-74.72094599999998
Waukesha,43.01469666666666,-88.25573333333334
Enid,36.40483066666667,-97.878
Newtown,40.22908066666667,-74.90260333333335
Branchburg,40.57996466666666,-74.71231
Norwood,41.174380000000006,-75.62159333333334
Saline,42.16525,-83.78686
Stockbridge,33.54428,-84.23380999999999
Cookeville,36.169474666666666,-85.50217466666668
Belmont,41.35330066666666,-93.12764133333333
White Plains,41.03002166666667,-73.76274666666666
Baldwinsville,43.170134999999995,-76.31177
Mather,38.57175,-121.30336000000001
Charlestown,42.380568,-71.06778499999999
Southlake,32.939059,-97.139055
Mahwah,41.07861,-74.155655
Abbott Park,42.306065000000004,-87.89545
San Dimas,34.10219,-117.8120525
Armonk,41.109809999999996,-73.724594
Oakton,38.8787935,-77.303455
Pearl City,21.394417,-157.98311999999999
Longmont,40.16721,-105.10193000000001
Laconia,43.539425,-71.44897499999999
Loudon,35.74465,-84.39189
New Brunswick,40.487105,-74.44943
Howell,42.621454,-83.86961
Pittsfield,42.45008,-73.24538000000001
Reed City,43.88021,-85.510675
Laguna Niguel,33.522529999999996,-117.70755
Prescott,34.5984175,-112.439585
Kendall Park,40.42887,-74.54985500000001
Smock,39.9598,-79.7469
Radnor,40.04622,-75.35991
Westampton,39.991814,-74.80725
New Windsor,41.49454,-74.10753000000001
West Lafayette,40.42587,-86.90807
Woodville,44.9463435,-92.28439
Northampton,42.32509,-72.6412
West Jordan,40.60967,-111.9391
Arcadia,44.36935,-91.33324
Hurlburt Field,30.4243785,-86.69630000000001
Verona,43.111847,-75.59329600000001
Joliet,41.527134000000004,-88.08263000000001
Blue Springs,39.0177,-94.31064
Bala-Cynwyd,40.010705,-75.2328875
Hixson,35.146167999999996,-85.22497
Jackson Hole,43.472027000000004,-110.76616000000001
Muskegon,43.2022,-86.24087
Grants Pass,42.43358,-123.318306
Alsip,41.668065,-87.739395
Broadview Heights,41.320683,-81.676506
McMinnville,45.225082,-123.18996399999999
Hooksett,43.08078,-71.45594
Paris,37.9617315,-87.978995
Antigo,45.13896,-89.15286
East Chicago,41.65136,-87.4583395
Camarillo,34.22207,-119.02485
Moonachie,40.84121,-74.04514
Rancho Cordova,38.58907,-121.30273000000001
Hayden,47.76403,-116.79012
Bloomingdale,41.94296799999999,-88.125845
MacDill AFB,27.67,-81.36
Gaylord,44.55521,-94.20986500000001
Delaware,40.724042499999996,-79.01562
Paso Robles,35.601904000000005,-120.69014250000001
Waite Park,45.559757,-94.22796
Saco,43.515367999999995,-70.429377
Sparta,37.027364,-87.585733
Duncan,34.9379,-82.14511
Bridgeport,41.16704,-73.20483
Splendora,30.220284999999997,-95.15835600000001
Morganton,35.748757999999995,-81.6728
Northbrook,42.1368,-87.848637
Miami Lakes,25.906477,-80.30233
Trenton,38.081225,-81.84455750000001
Prophetstown,41.67142,-89.93621999999999
New Hope,45.03802,-93.38662
Conway,35.0887,-92.4421
Garden City,40.730702,-73.634975
Hendersonville,35.31873,-82.46095
Escondido,33.148886000000005,-117.09216
Fontana,34.0849535,-117.48389
Westminster,39.747727,-90.999078
Bridgman,41.9431,-86.55696999999999
Lake Oswego,45.41697,-122.72138999999999
Goshen,41.56611049999999,-85.8116275
Purcellville,39.13677,-77.71472
North Chicago,42.30975,-87.86433000000001
Glencoe,44.692284,-94.106674
King George,38.347297999999995,-77.06203000000001
Milwaukie,45.437695,-122.61426999999999
Jamestown,37.95326,-120.4227
Waukegan,42.362269999999995,-87.85358500000001
Woodland,38.67852,-121.7733
Pittsford,43.402935,-75.26616
Valparaiso,41.47309,-87.06114000000001
Palmer,42.16305,-72.346825
Goose Creek,33.00454499999999,-80.03995499999999
Simi Valley,34.2705585,-118.744765
Elizabeth,40.6641235,-74.195295
Junction City,39.029635999999996,-96.83288
Enfield,41.976209999999995,-72.59176
Miamisburg,39.6279355,-84.25085
Wyomissing,40.334255,-75.973408
Old Bridge,40.41483,-74.36543
Hanscom AFB,42.45813,-71.27605
United,40.2184,-79.48782
Pearland,29.556038,-95.25915
Danvers,42.5749,-70.95286999999999
Stillwater,40.5807525,-94.954935
Rancho Santa Margarita,33.638767,-117.60338
Keene,42.933690000000006,-72.27814000000001
Stuart,27.173814999999998,-80.22901
Ronkonkoma,40.804619,-73.11815
Saint Joseph,40.91833799999999,-90.661062
North Kingstown,41.57142,-71.44669999999999
Bedford Heights,41.38669,-81.52712
Chehalis,46.613372999999996,-122.913925
Millersville,39.05955,-76.64801999999999
Weyers Cave,38.286875,-78.91563500000001
Batavia,40.4625925,-86.24319
Snohomish,47.912017999999996,-122.090805
Tonawanda,43.0111265,-78.88301999999999
Greenwood,36.902005,-84.12551500000001
Pascagoula,30.365828999999998,-88.556862
Bucyrus,40.80839,-82.97546
Willard,41.05311,-82.72629
Romulus,42.218737000000004,-83.370665
Mount Airy,36.499635500000004,-80.62326250000001
Newbury Park,34.185359999999996,-118.92648
Oakdale,40.409607,-80.19708
Saint Croix,17.741967,-64.72351499999999
Cornelia,34.51149,-83.52712
Elmwood Park,40.90399,-74.11848
Kirkwood,38.58448,-90.41402
Port Angeles,48.125496000000005,-123.49943
Chestertown,39.21294,-76.07432
Plant,36.01645,-87.91253
Columbus Grove,40.91921,-84.05714
Schriever AFB,38.92494,-104.606155
Tualatin,45.3733505,-122.764035
Madison Heights,42.504257,-83.104965
Franklin Park,41.9368725,-87.88333499999999
Hazelwood,38.771440000000005,-90.37095
Los Altos,37.385220000000004,-122.11413
Bellows Falls,43.171345,-72.45524
Novato,38.060615999999996,-122.5409
Lewis Center,40.157776,-83.00849000000001
Staten Island,40.611985000000004,-74.1418575
Oak Harbor,48.29224,-122.6474
Fullerton,33.872755,-117.949063
Lima,40.71363,-84.10388
Claremont,43.339690000000004,-72.38716
Nicholasville,37.8821125,-84.56980250000001
Apopka,28.681931499999997,-81.53575000000001
East Windsor,40.268229999999996,-74.54890999999999
Parkersburg,39.267998,-81.559425
New Port Richey,28.24418,-82.71927
Lakeway,30.363770000000002,-97.97959
Elk River,45.3192,-93.54528
Klamath Falls,42.223278500000006,-121.78914499999999
Oak Brook,41.832809999999995,-87.92895
Gardena,33.88835,-118.30896000000001
Doylestown,40.321217499999996,-75.123325
Nevada,39.9311905,-93.912508
Three Rivers,35.202105,-91.9075
Camp Lejeune,34.717161499999996,-77.344732
Sylvania,41.717045,-83.70309
Pocatello,42.8713,-112.44553
Mokena,41.53799,-87.85247
California City,35.1258,-117.9859
Mountain Iron,47.533466,-92.61751600000001
Savage,44.774998,-93.361605
Hurst,32.82346,-97.17057
Rock Springs,41.592505,-109.21854200000001
Flushing,40.76776,-73.828135
Marlboro,40.31539,-74.24625999999999
Brecksville,41.292291500000005,-81.63651
Hermitage,38.69703,-83.54597000000001
Windsor Mill,39.336687999999995,-76.756068
Caldwell,41.7065935,-99.11192499999999
Peapack,40.716770000000004,-74.65655
Westtown,39.93094,-75.55187
Union Gap,46.55735,-120.47506000000001
Carol Stream,41.9098575,-88.12229249999999
Purchase,41.040929999999996,-73.71457
Shippensburg,40.033522500000004,-77.5366125
Americus,32.117764,-84.20382
Scotts Valley,37.063953999999995,-122.009668
Plover,44.463726,-89.548765
Zanesville,39.947295000000004,-81.999075
Post Falls,47.71796,-116.95159
Norwich,42.038627,-73.800355
Lewes,38.77456,-75.13935
Harleysville,40.264477,-75.37481500000001
Lake Orion,42.76639,-83.28001
Inverness,28.8305515,-82.293848
Rye Brook,41.019259999999996,-73.68346
Shawnee,35.3577425,-96.887047
Houghton,47.122,-88.57030999999999
Belleville,38.52005,-89.98399
California,38.3004,-76.50745
Shreveport,32.514968499999995,-93.748245
Oahu Island,21.433329999999998,-157.96667
Elkhart,41.683306,-85.95012
Pilot Point,33.39472,-96.94728
Saint Peter,44.32358,-93.95801
Princeton Junction,40.318551,-74.62244
Wixom,42.516217499999996,-83.53581500000001
Onalaska,43.885115,-91.226195
Marco Island,25.9315255,-81.7229275
Friendly,39.51591,-81.05928
Montrose,38.446921,-107.862785
Saint George,37.10415,-113.58412
Elkridge,39.209384,-76.74414
Tyndall AFB,30.08535,-85.60731
Manlius,43.00201,-75.97686
Tucker,33.8516635,-84.2181325
Port Charlotte,26.987211,-82.12202
Sonora,38.000092499999994,-120.27085500000001
Arden Hills,45.05024,-93.15661
Tarzana,34.1763,-118.54687999999999
Bartlett,41.980782000000005,-88.175533
Arecibo,18.47244,-66.71573000000001
Edwards AFB,34.919544,-117.94677
Linthicum Heights,39.204555,-76.65987999999999
North Bergen,40.798865,-74.0173125
Groton,41.3501,-72.07840999999999
Green Lake,43.84903,-88.93828
Juneau,58.3426645,-134.496545
Kittery,43.097317,-70.74364
Mentor,41.72262,-81.35651999999999
Blaine,47.055606499999996,-107.961618
Watsonville,36.932734999999994,-121.787697
North Tonawanda,43.053135,-78.84515
Blue Lake,40.906634999999994,-123.93846
Radford,37.136975,-80.54296500000001
Abingdon,36.707836,-81.97801
Schofield,21.494722,-158.06635
Orem,40.31125,-111.687825
Urbana,40.123652500000006,-88.20407
Arizona City,32.75589,-111.67096000000001
Antioch,40.2406115,-104.94816999999999
Township of Hamilton,40.221076999999994,-74.67552
North Brunswick,40.449155,-74.474695
Lyndhurst,40.809681499999996,-74.123615
Gaffney,35.07179,-81.64981999999999
Palatine,42.104987,-88.0353925
Cannon AFB,34.3953,-103.32438
Lake Charles,30.12564,-93.20268
The Villages,28.934079999999998,-81.95994
Gulf Breeze,30.35714,-87.16386
Oakbrook Terrace,41.865202,-87.982495
Lewiston,44.071503,-70.16979
Beverly,42.567704,-70.89529999999999
Painesville,41.681015,-81.239025
Wood Dale,41.984539,-87.983533
Trevose,40.13928,-74.98100000000001
Powell,38.0972765,-83.56297799999999
Blauvelt,41.06343,-73.95764
Niles,42.018696000000006,-87.787056
Highlands Ranch,39.54432,-104.92023
Monaca,40.687290000000004,-80.27145
Stennis Space Center,30.375542,-89.60449
Vernon,38.541705,-96.884705
Germantown,41.425723500000004,-86.23541
Texas City,29.383840000000003,-94.9027
State College,40.827096999999995,-77.8406325
Ogdensburg,44.6935085,-75.4755425
Branford,41.288402000000005,-72.789065
Park,39.11251,-100.35875
Upper Marlboro,38.856865,-76.798385
Bainbridge Island,47.65698999999999,-122.53114300000001
Angola,41.659487,-84.99825000000001
Cerritos,33.862492,-118.056622
Groveland,42.750167000000005,-71.03294500000001
South Jordan,40.56217,-111.92966000000001
Jericho,40.785109999999996,-73.54951
Elizabethtown,37.684193,-85.92288
Beatrice,40.26806,-96.74696999999999
Riverton,43.02498,-108.38857
Charter Township of Waterford,42.663090000000004,-83.38799
Westford,42.576285,-71.42440500000001
Burtonsville,39.112904,-76.93021999999999
Newtown Sq,39.98319,-75.41272
Eagle,43.685790000000004,-116.33379
Amityville,40.69313,-73.4067125
Beverly Hills,34.085125,-118.406395
Minnetonka,44.93289,-93.46497500000001
Peachtree City,33.373504499999996,-84.559375
Rohnert Park,38.35604,-122.72313999999999
Grass Valley,39.21906,-121.06106000000001
Englewood Cliffs,40.88538,-73.95236
Dorchester,42.31477,-71.06758
Noblesville,40.027573000000004,-86.00786500000001
Triadelphia,40.06219,-80.59441749999999
Maynard,42.43343,-71.44951
Elmendorf AFB,61.24,-149.85
Dadeville,32.831295000000004,-85.7651
Gypsum,38.70556,-97.42809
Destin,30.3942915,-86.46636
Bullhead City,35.073776,-114.5544
Parker,39.534219,-104.782787
Cherry Hill,39.871586,-75.00907
Euclid,41.586664999999996,-81.52612500000001
Port Washington,40.811928,-73.66535999999999
Yucaipa,34.0286045,-117.07327
Kennewick,46.221982999999994,-119.22085
Wright-Patterson AFB,39.81113,-84.05731
Eighty Four,40.23973,-80.07226999999999
Millington,37.266275,-82.893855
Beloit,40.991195,-93.5410775
Chelsea,42.398833499999995,-71.040865
Dedham,42.245101000000005,-71.16298
La Plata,38.52929,-76.97525
Fort Hood,31.134890000000002,-97.77561
Dunwoody,33.94621,-84.33465
Flowery Branch,34.189128499999995,-83.91641000000001
Great Falls,47.504717,-111.28347000000001
Totowa,40.903763999999995,-74.21548
East Hartford,41.774347000000006,-72.634435
New Albany,36.39186,-87.439415
Beavercreek,39.708003,-84.0737875
Marine,38.78644,-89.77759
Dunn Loring,38.893978000000004,-77.22249500000001
Tecumseh,41.96841,-83.96769
Sebring,27.495590000000004,-81.44091
Great Neck,40.783077,-73.73144
Eagleville,37.948767000000004,-81.02739500000001
Robins AFB,32.60911,-83.58444
Branson,36.64367,-93.21851
North Las Vegas,36.216623,-115.134983
Collierville,35.04204,-89.66453
Glastonbury,41.71232,-72.60815
Reedsville,40.663959999999996,-77.59583
Chicopee,42.165844,-72.54878000000001
Shakopee,44.79154,-93.490995
Mayville,43.48373,-88.554375
Hammond,41.58337,-87.50004
Bay Shore,40.764099,-73.280082
Endicott,42.1226985,-76.05608000000001
Hopkins,44.92678,-93.39614
Vicksburg,32.35265,-90.87788
Cheektowaga,42.90339,-78.75475
Brownstown,38.88023,-86.05161
Chanhassen,44.85524,-93.55119
Grand Forks,47.91403,-97.06199000000001
Suffern,41.11275500000001,-74.141885
Willimantic,41.717358,-72.2156755
Redwood Shores,37.53188,-122.24802
Elkmont,34.908359999999995,-87.00995999999999
San Rafael,37.97353,-122.53108999999999
Fort Mill,35.00737,-80.94508
Geismar,30.204359999999998,-91.0226
Spartanburg,34.938785,-81.92039500000001
Rahway,40.6088515,-74.25837999999999
Bolton Landing,43.55729,-73.65484000000001
Lockbourne,39.80923,-82.9724
Commack,40.837826,-73.28115
Walker,43.00141,-85.76809
Mullins,34.203686,-79.252375
Sandusky,41.44894,-82.70796
Secaucus,40.79672,-74.05532
Wynantskill,42.691315,-73.614914
Cottage Grove,43.08843,-89.20335299999999
Delray Beach,26.46146,-80.07282
Moline,41.500603999999996,-90.5051325
Winthrop,44.425039999999996,-82.169645
Harwinton,41.779509999999995,-73.11428000000001
Clarksburg,39.259685000000005,-78.81198
Centreville,38.84039,-77.42888
Lansdale,40.261734000000004,-75.32446999999999
Margate,26.2487585,-80.2016125
Oldsmar,28.0356855,-82.660507
Holmdel,40.34511,-74.18403
Lenoir,35.91402,-81.53898000000001
Glen Ellyn,41.875659999999996,-88.0699
Sandy Springs,33.92427,-84.37854
Casper,42.8559665,-106.27517
WaimÄnalo,21.35,-157.72083
Sunbury,40.848732,-76.80083
Poughkeepsie,41.66369,-73.91899000000001
Shelbyville,38.225746,-85.195076
Ferndale,42.45257,-83.11532
Ravenswood,38.94814,-81.76096
Sandston,37.508305,-77.34289799999999
Kokomo,40.486787500000005,-86.137215
Greeley,40.4261385,-104.69780750000001
Lake Worth,26.616556,-80.054665
Belton,38.80918,-94.533692
Ponte Vedra Beach,30.221960000000003,-81.389205
Astoria,40.775269,-73.91020499999999
Fairport,43.078467,-77.43918
Hopkinton,42.22871,-71.52256
Philipsburg,40.896485,-78.209255
Red Bank,40.367940000000004,-74.08572
Nashwauk,47.38021,-93.16825
Napoleon,41.39227,-84.12522
Ravenna,41.1532325,-81.23438999999999
Christiansburg,37.133145,-80.40647
Kettering,39.7010275,-84.138255
North Andover,42.6987,-71.13506
Aguadilla,18.42745,-67.15406999999999
Hagerstown,39.641954999999996,-77.738175
Danbury,41.39482,-73.45401
Montpelier,41.57954,-84.58443
Panama City,30.15881,-85.66020999999999
La Mirada,33.90317,-118.01943
Winfield,35.586344999999994,-92.385508
Kennedy Space Center,28.592290000000002,-80.65606
Twin Falls,42.54833,-114.44942999999999
Exeter,41.521557,-71.55483000000001
Orangeburg,37.268554,-77.40555
Council Bluffs,41.222546,-95.85842
Ocoee,28.56917,-81.54396
Thomaston,38.4894135,-76.73271
Owensboro,37.761015,-87.14607000000001
Scarborough,43.58155,-70.34618
Marshall,42.267336,-84.95730499999999
Hattiesburg,31.313285999999998,-89.341965
Seymour,38.95922,-85.89025
Redding,40.575705,-122.40644500000002
Rock Island,41.509479999999996,-90.57875
Minerva,40.72978,-81.10538000000001
Westland,42.317305,-83.39477500000001
Floral Park,40.72371,-73.70485
South Chicago Heights,41.48087,-87.63781999999999
Riverview,27.86614,-82.32648
North York,39.97815,-76.73302
Chillicothe,39.33312,-82.9824
Mount Holly,39.99289,-74.78766
Jenkintown,40.101067,-75.11103
â€˜Aiea,21.384548000000002,-157.93373
Friant,37.0179,-119.6867
Hughesville,41.236954,-76.73047
LaGrange,33.030884,-85.03697
Depew,42.90461,-78.68341
North Canton,40.875890000000005,-81.40234
Bainbridge,30.905053999999996,-84.56860999999999
Circleville,39.594776,-82.93645500000001
Fairborn,39.782314,-84.07804
West Caldwell,40.84093,-74.30181999999999
Newport Coast,33.583263,-117.84276000000001
Erlanger,39.054317,-84.62939
Langley AFB,37.082770000000004,-76.362
Foxborough,42.062195,-71.24348
Jordan,44.681107,-93.63516
Rosharon,29.35218,-95.46021999999999
Whitehall,43.41001,-86.34868
Leesport,40.389263,-75.986595
North Shore,42.24002,-88.36148
Jefferson,41.73867,-80.76980999999999
Ankeny,41.72971,-93.60576999999999
Fort Morgan,40.256638,-103.80649
Clark,40.64094,-74.3107
North Miami Beach,25.93315,-80.16255
Fairbanks,64.83778000000001,-147.71638000000002
Harlingen,26.19063,-97.6961
Berryville,39.15177,-77.98222
Salina,38.829857000000004,-97.616196
West Haven,41.2198,-112.01642
Cairo,30.861753000000004,-84.23665
Mundelein,42.26892,-88.06098
Victor,42.98256,-77.40888000000001
Dripping Springs,30.190209999999997,-98.08668
Dania Beach,26.052310000000002,-80.14393000000001
Coshocton,40.259605,-81.86304
Cape Coral,26.56285,-81.94953000000001
Lacey,47.04258,-122.82883999999999
Tarrytown,41.076209999999996,-73.85875
Rosemount,44.715523,-93.07311
Lake Dallas,33.11929,-97.02556
Carlisle Barracks,40.210370000000005,-77.17368
Sheboygan,43.75083,-87.71453000000001
Washington Court House,39.53645,-83.43908
Beachwood,39.934006,-74.19566999999999
Guthrie,35.857037,-97.43927
Coeur d'Alene,47.687824,-116.77963999999999
Hazleton,40.961964,-75.97896999999999
Merrill,45.19218,-89.71934
Lapeer,43.06439,-83.2751
West Miami,25.76343,-80.29616
Eastford,41.8933,-72.09156999999999
Mebane,36.05727,-79.31318
Tumon,13.50694,144.80139
Salt Lake,40.909,-111.868
Redstone Arsenal,34.68387,-86.64764
Fort Knox,37.89113,-85.96363000000001
Tama,41.96666,-92.57686
Orono,44.58171,-68.96696
Essex Junction,44.4929,-73.08159
East Freetown,41.7751,-70.95782
Dassel,45.08163,-94.30693000000001
Warfordsburg,39.75176,-78.18751
Norman,35.2298,-97.50482
Redondo Beach,33.89273,-118.37706999999999
Cullowhee,35.556934000000005,-82.86856
Robbins,41.64392,-87.70366
Camas,45.614292,-122.41346000000001
Auburndale,28.072407000000002,-81.80445999999999
Ballston Spa,43.00091,-73.84900999999999
Collegeville,40.157684,-75.468666
Woods Cross,40.87161,-111.89216
Vacaville,38.39676,-122.00418
Sauk Village,41.48837,-87.56754000000001
Clintonville,44.624077,-88.75563000000001
Warminster,40.20678,-75.09962
Ashland,42.253128000000004,-71.46075400000001
Cheshire,41.548534000000004,-72.886925
Millbury,41.566159999999996,-83.42465
Anoka,45.19774,-93.38718
McKinleyville,40.933040000000005,-124.105
New Canaan,41.14676,-73.49484
Bradford,41.956109999999995,-78.65305
Winter Haven,28.021122,-81.72055999999999
Cheswick,40.565384,-79.831795
Montgomery City,38.956715,-91.49758
Fort Huachuca,31.553759999999997,-110.31942
Mexico,39.16976,-91.88295
Waverly,42.725809999999996,-92.47546
Bellmore,40.66871,-73.52707
Yorktown Heights,41.27093,-73.77763
Bryan,30.703194,-96.3938
Olean,42.073174,-78.3902
Richmond Heights,41.555717,-81.47995
Pompano Beach,26.233634999999996,-80.15675999999999
Sumterville,28.697187,-82.0028
Stevens Point,44.511425,-89.5344
Simpsonville,34.73706,-82.25428000000001
Hillside,40.701209999999996,-74.23015
Center Line,42.480244,-83.02511
Holtsville,40.81538,-73.04511
Manhattan Beach,33.88568,-118.408134
Abernathy,33.8323,-101.84295
Clemson,34.683440000000004,-82.83736999999999
Statesboro,32.44879,-81.78317
Warwick,41.723114,-71.46705
Sturgeon Bay,44.816691999999996,-87.38294
Vandenberg AFB,34.7483,-120.51817
Valley View,41.38783,-81.60457
Collinsville,38.6851,-90.0221
Jupiter,26.900948,-80.13143000000001
Chadds Ford,39.8416,-75.5378
Willowbrook,41.75851,-87.93590999999999
Midlothian,37.535175,-77.6703
Kendallville,41.44874,-85.26329
Mountview,37.64206,-81.06537
Kirtland AFB,34.99519,-106.48751999999999
Maxton,34.73516,-79.34893000000001
Woonsocket,41.99787,-71.475876
Northridge,34.22834,-118.53675
Westwego,29.916390000000003,-90.14349
Victoria,28.80527,-97.0036
Upton,40.8694,-72.8872
Laguna Hills,33.601535999999996,-117.71168
Schulenburg,29.680967,-96.90647
Gorham,43.67649,-70.44285
Goodlettsville,36.335484,-86.71528
Cortland,42.60118,-76.18048
Saratoga Springs,43.07783,-73.78268
Humboldt,35.837590000000006,-88.91195
Middle River,39.334270000000004,-76.43941
Glenwood,45.65054,-95.3887
Bowmansville,40.19676,-76.01744000000001
Airway Heights,47.64461,-117.59326999999999
Luxemburg,44.545784000000005,-87.71571
Algona,47.27899,-122.25206000000001
Summerland,34.42138,-119.59652
Albertville,34.267590000000006,-86.20886999999999
Adelphi,39.003170000000004,-76.97192
Apple Valley,34.50083,-117.18588000000001
Washougal,45.58262,-122.35342
National Harbor,38.787678,-77.014336
Mount Sterling,38.098118,-83.90685
Wood River,38.873135,-90.09875
Beardstown,40.01755,-90.42429
Chilton,44.02888,-88.16288
Ridgecrest,35.62212,-117.69068
Muleshoe,34.224483,-102.73118000000001
Lemont,41.7129,-87.96070999999999
Curtis Bay,39.171170000000004,-76.53375
Catonsville,39.3279,-76.74396
Golden Valley,45.003025,-93.36355
Langley,38.9465,-77.15887
Leander,30.513027,-97.88784
West Mifflin,40.377384,-79.89256
Jeffersontown,38.19424,-85.5644
Elwood,41.40392,-88.11171999999999
Saint Clairsville,40.08063,-80.90009
Glendale Heights,41.933617,-88.06668
Naval Base,36.942634999999996,-76.307175
Tolland,41.861206,-72.42243
Offutt AFB,41.12024,-95.92095
East Fishkill,41.55343,-73.79569000000001
Grand Ledge,42.753370000000004,-84.74638
Bath,43.918972,-69.82696
Gregory,27.922240000000002,-97.28999
Big Flats,42.1373,-76.93691
Encinitas,33.04501,-117.294495
Pulaski,35.190506,-87.02677
Story City,42.18009,-93.59161
Weedsport,43.04868,-76.56272
Middlefield,41.461999999999996,-81.07370999999999
Hobart,41.53226,-87.25504000000001
Boydton,36.667640000000006,-78.3875
North Salt Lake,40.8373,-111.91933
Leawood,38.926556,-94.65941
New Johnsonville,36.02117,-87.96698
Selinsgrove,40.799763,-76.87041500000001
Stanwood,48.242397,-122.35084499999999
Westlake Village,34.14584,-118.80565
Westville,41.58868,-86.89707
DeSoto,32.623844,-96.850914
East Aurora,42.77935,-78.641846
Liberty,34.788982,-82.697845
El Reno,35.522391999999996,-97.97263000000001
Boyertown,40.333709999999996,-75.63741
Vergennes,44.16728,-73.25401
Vineland,39.48623,-75.02573000000001
Millerton,41.943005,-77.01633000000001
Sulphur,30.235020000000002,-93.37434
Stanford,37.42411,-122.16608000000001
Delhi,42.28287,-74.91018000000001
Maple,36.41488,-76.00409
Hutchinson,38.057606,-97.92474
Peoria Heights,40.751709999999996,-89.60018000000001
Chaska,44.78941,-93.60218
West Hazleton,40.9587,-75.99604000000001
Ball Ground,34.33815,-84.37659000000001
Findlay,41.027813,-83.6593
Cinnaminson,40.004177,-74.98109000000001
Blair,44.2944,-91.23516
New Hampshire,40.55616,-83.95272
Estacada,45.28957,-122.3337
Maple Shade,39.957221999999994,-74.991714
Lindenhurst,40.68677,-73.37345
East Falmouth,41.60859,-70.60448000000001
Roebuck,34.88483,-81.95859499999999
Audubon,40.14777,-75.37541999999999
Greenlawn,40.862663,-73.37167
Colleyville,32.91133,-97.13328
Lorton,38.671978,-77.23966
Merrifield,38.87428,-77.22693000000001
Courtland,34.652817,-87.29929
Columbia City,41.157270000000004,-85.48831
Leavenworth,39.306583,-94.92840600000001
Township of Logan,39.78345,-75.33296999999999
Woodburn,45.18501,-122.92698
Fort Walton Beach,30.405759999999997,-86.61884
Bluemont,39.091286,-77.84161999999999
Stony Point,35.86347,-81.0473
Boyceville,45.046279999999996,-92.03501
Urbandale,41.639109999999995,-93.774086
Hatfield,40.27983,-75.29934
Highland,38.755608,-89.682434
Attica,41.07257,-82.89116999999999
Wamego,39.20194,-96.305
Kings Bay,30.7921,-81.5591
Fitzwilliam,42.780640000000005,-72.14175
Watervliet,42.726112,-73.713356
Brigham City,41.51021,-112.0155
North Liberty,41.749179999999996,-91.59795
Lemoore,36.290240000000004,-119.84783
Hobbs,32.70261,-103.13604000000001
New Bedford,41.695976,-70.9383
Coconut Creek,26.25175,-80.17894
Fort Wainwright,64.55675,-147.78198
Romeo,42.80281,-83.01299
Stephenville,32.220413,-98.21658000000001
Hugo,45.184006,-92.98783
East Setauket,40.94149,-73.10594
Kingston,41.948692,-73.992836
Rawlins,41.79107,-107.23866000000001
Wiscasset,44.00286,-69.6656
Chippewa Falls,44.93691,-91.39293
Fraser,42.55014,-82.941956
Wenatchee,47.427483,-120.33326000000001
LaSalle,41.33337,-89.09175
Vineyard,40.32813,-111.74367
Eastland,32.40152,-98.81756
Eldridge,41.65809,-90.58458
Palm Beach Gardens,26.882153999999996,-80.12505999999999
Bemidji,47.504513,-94.8576
Grand Haven,43.06307,-86.22839
Springs,41.01621,-72.15924
Turnersville,39.741040000000005,-75.04847
Wilberforce,39.70952,-83.879364
Pottsville,40.682809999999996,-76.25058
Creston,41.0586,-94.36135
Defiance,41.284490000000005,-84.35578000000001
Burnside,36.98897,-84.59994
Red Wing,44.562470000000005,-92.5338
Rockaway,40.90121,-74.51432
Charlotte Hall,38.480959999999996,-76.77802
Armstrong,43.392776,-94.48761
Advance,35.96403,-80.466286
Ebensburg,40.458813,-78.75854
Porterville,36.049564000000004,-119.01255
Sneads Ferry,34.531918,-77.38772
Kingsburg,36.521236,-119.55508999999999
Lake Butler,28.50167,-81.54091
Hazel Park,42.462540000000004,-83.10409
Marlton,39.891220000000004,-74.92183
Casselberry,28.68102,-81.2808
Saint Gabriel,30.234779999999997,-91.09822
Reserve,30.069967,-90.55718
Apex,35.71565,-78.833534
Grafton,43.31973,-87.95342
Santa Maria,34.95303,-120.43571999999999
Mulberry,27.911972,-81.97955
Boulder Creek,37.136215,-122.14028
Wildwood,28.876074,-82.03953
Queen Creek,33.24866,-111.6343
Santa Fe Springs,33.94724,-118.08535
Taylor Mill,38.99756,-84.49633
Flanders,40.853245,-74.708206
Streator,41.120870000000004,-88.83535
Fort Dodge,42.50659,-94.17699
Asan,13.476932000000001,144.74931
Grantsburg,45.776340000000005,-92.6827
Sausalito,37.862488,-122.49331000000001
Marquette,46.54354,-87.39542
Gary,41.59337,-87.34643
Crescent Springs,39.05145,-84.58161
Nacogdoches,31.615583,-94.6828
Elizabeth City,36.2946,-76.25105
Westhampton Beach,40.80316,-72.61454
Tinton Falls,40.30428,-74.10042
Loma Linda,34.04835,-117.26115
Neoga,39.329823,-88.438225
Crawfordsville,40.034073,-86.90794
Upper Darby,39.962616,-75.25159000000001
Bingen,45.7086,-121.4594
Forty Fort,41.26458,-75.88818
Time,39.561440000000005,-90.72429
Coyanosa,31.24292,-103.06461
Prichard,38.247054999999996,-82.57882
Taunton,41.9001,-71.08977
La Habra,33.93196,-117.94617
Roslindale,42.295475,-71.11886
Gahanna,40.01923,-82.87934
Harahan,29.940479999999997,-90.20313
Le Sueur,44.473408,-93.9038
La Jolla,32.86612,-117.23326000000002
Tamarac,26.1988,-80.21975
Easthampton,42.274723,-72.65938
Big Rapids,43.703967999999996,-85.48064000000001
Rosendale,43.81008,-88.67151
Bethel Park,40.343178,-80.04824
Theodore,30.532137,-88.17929000000001
Montoursville,41.259240000000005,-76.94761
Battle Creek,42.32115,-85.17971
Mills,42.866409999999995,-106.410164
Winder,34.001057,-83.72415
Joplin,37.1085,-94.51505999999999
Phillipsburg,40.693709999999996,-75.19018
New Carrollton,38.96983,-76.87997
Alliance,42.092842,-102.83995
Blowing Rock,36.13513,-81.67761
Clearfield,41.11078,-112.02605
Johnstown,43.00674,-74.36764000000001
Beaufort,32.44746,-80.70864
Boardman,41.024229999999996,-80.66285
Norton,41.966770000000004,-71.18699000000001
Oran,37.08505,-89.65536
Inglewood,33.959,-118.35025
Oswego,43.4871,-76.4487
La Porte,41.6111,-86.7286
Calverton,40.934459999999994,-72.76914000000001
Wilton,41.195370000000004,-73.4379
Bloomsburg,41.0037,-76.45495
West Union,34.75982,-83.04293
East Flat Rock,35.28692,-82.42729
Garden Grove,33.78673,-118.00133000000001
Mendota Heights,44.87382,-93.1407
Ybor City,27.962334000000002,-82.42886999999999
Whidbey Island,48.2926,-122.67628
West Memphis,35.146564,-90.17735
High Bridge,40.66705,-74.89572
Huntingdon,40.496445,-78.01281
Healdsburg,38.61047,-122.86916000000001
Culpeper,38.47164,-78.01399
Wheaton,41.86419,-88.138245
Millbrae,37.600803000000006,-122.38127
Edinboro,41.898514,-80.22251
Mettawa,42.233955,-87.86385
La Palma,33.860714,-118.03396000000001
Eastlake,41.653940000000006,-81.45039
Springtown,32.960236,-97.68257
New Bern,35.10849,-77.04411
Redford,42.379622999999995,-83.27971
Leominster,42.53083,-71.70838
Salida,37.710716,-121.088486
Batesville,35.770115000000004,-91.65118000000001
Arizona,41.81443,-96.13363000000001
Eliot,43.122654,-70.7873
Tenleytown,38.94956,-77.08581
Falmouth,41.5515,-70.61475
Meadville,41.627205,-80.15483
Brookhaven,31.58418,-90.40661999999999
North Wales,40.21094,-75.27823000000001
Blythewood,34.21432,-80.97398000000001
Culloden,38.4156,-82.0515
Hoover,33.405390000000004,-86.81138
Oceanside,33.197753999999996,-117.37714
Fennimore,42.9836,-90.6554
Minden,32.5714,-93.41799999999999
Merritt Island,28.539170000000002,-80.672
Oak Lawn,41.71087,-87.75811
White Sulphur Springs,37.79651,-80.29757
Corvallis,44.603786,-123.27327
Puyallup,47.205048,-122.30561000000002
West Point,41.39148,-73.95597
Cutler Bay,25.5783,-80.3377
Port Lavaca,28.615,-96.62609
Timonium,39.43705,-76.61969
Gilroy,37.019257,-121.57481399999999
Lakewood Ranch,27.3863,-82.4332
Sunset Hills,38.538940000000004,-90.40734
Adelanto,34.582770000000004,-117.40921999999999
Woodstock,34.101490000000005,-84.51938
West Fargo,46.886112,-96.9
Brenham,30.16688,-96.39774
Cazenovia,42.922035,-75.81567
Mineral Ridge,41.142497999999996,-80.77351
Selah,46.65402,-120.53007
Sweetwater,35.584,-84.4781
Township of Brick,40.08635,-74.11822
Southington,41.63919,-72.90332
Essex,39.334538,-76.47306999999999
Mount Vernon,48.42122,-122.33405
Amelia,39.0222,-84.2256
Glen Dale,39.932938,-80.75527
Rockwall,32.91537,-96.41452
New Buffalo,41.793929999999996,-86.74391999999999
Chautauqua,42.21008,-79.46664399999999
Hutchins,32.6493,-96.71305
Mount Laurel,39.934,-74.891
Sun Prairie,43.209846,-89.18214
Bolingbrook,41.685417,-88.14307
Carlstadt,40.840379999999996,-74.0907
Smithville,35.947163,-85.82823
Ewing,40.26983,-74.79988
Cockeysville,39.47866,-76.649704
West Des Moines,41.57199,-93.74531
Osceola,41.03389,-93.7655
Paradise,39.77859,-121.58932
Merchantville,39.950935,-75.05236
Rittenhouse Square,39.94928,-75.1724
Del Norte,37.67889,-106.35337
Hampton Roads,36.97515,-76.34966999999999
Shirley,40.845209999999994,-72.87836
Picatinny Arsenal,40.93939,-74.55846
Zeeland,42.81252,-86.01865
North Kansas City,39.13,-94.56218
Ranson,39.2951,-77.86055
Rice Lake,45.494312,-91.73826600000001
Avenel,40.58038,-74.28515
Waterloo,42.49276,-92.34295999999999
Kiel,43.912304,-88.04195
Bridgeview,41.737457,-87.80391999999999
Wise,36.977657,-82.580536
Elmsford,41.05777,-73.82995600000001
Orange City,28.936531,-81.29549399999999
Westmont,41.79586,-87.97561999999999
Newville,40.16835,-77.38271
Pullman,46.73127,-117.17962
Passaic,40.851624,-74.13954
Wantage,41.24426,-74.55072
West Plains,36.728120000000004,-91.85237
Battle Ground,45.780777,-122.53277
Elmhurst,41.925903000000005,-87.96096999999999
Elkhart Lake,43.829464,-88.00842
Tullahoma,35.354523,-86.20083000000001
Suncook,43.17324,-71.40371999999999
Saukville,43.38738,-87.954216
Commerce City,39.80616,-104.89671000000001
Anacostia,38.8665,-76.98385999999999
Seven Hills,41.39533,-81.67624
Torrington,42.078686,-104.190506
Tahlequah,35.921859999999995,-94.96695
Blackwood,39.784003999999996,-75.05501600000001
Steamboat Springs,40.466879999999996,-106.82258600000002
Spring Grove,42.434771999999995,-88.24132
Thibodaux,29.763567,-90.85314
French Camp,37.88664,-121.28308
Greene,42.327923,-75.77611999999999
Owingsville,38.1448,-83.76408
Roseburg,43.203697,-123.35385
Lees Summit,38.912083,-94.4061
Cathedral City,33.84357,-116.45931999999999
Fairburn,33.57768,-84.59423000000001
Paterson,40.93557,-74.15899
Del Valle,30.133821,-97.64141
Brownsburg,39.846443,-86.37438
Walkersville,39.48621,-77.35193000000001
Union City,36.41281,-89.054436
Catlettsburg,38.3488,-82.6095
Saint Cloud,45.5608,-94.16249
Stow,42.43704,-71.50562
Dubuque,42.53897,-90.6905
Crystal Springs,31.990503000000004,-90.3549
Lake Buena Vista,28.393620000000002,-81.53868
Adrian,41.89755,-84.03716999999999
Reedsburg,43.52516,-89.98664000000001
Saint Maries,47.31435,-116.56267
Morenci,33.04337,-109.32698
Orrville,40.833107,-81.768456
Bardstown,37.80923,-85.4669
Florissant,38.83028,-90.312874
Braintree,42.208816999999996,-71.00073
Coffeyville,37.0373,-95.61636999999999
Oshkosh,44.02471,-88.54261
Ramsey,41.057320000000004,-74.14098
Florham Park,40.786133,-74.37357
West Hollywood,34.091537,-118.38202
Trafford,40.386720000000004,-79.7415
Meadows of Dan,36.73428,-80.45026999999999
Waynesboro,38.071740000000005,-78.87439
White Bear Lake,45.08469,-93.00994
Selma,32.40736,-87.0211
Wake Island,21.310541,-157.86311
Social Circle,33.65623,-83.71823
Wimauma,27.712529999999997,-82.29898
Spring Lake,35.16794,-78.97281
Pasco,46.3002,-119.12064
Atlantic City,39.36428,-74.42293000000001
Cactus,36.0523,-102.0024
Freehold,40.260406,-74.27453
Bend,44.098206,-121.28877
Osage City,38.628227,-95.83134
Morganville,40.3765,-74.24431
Shawano,44.78021,-88.590324
Cleburne,32.369156,-97.3486
Snoqualmie,47.52871,-121.82538999999998
Westchester,41.850590000000004,-87.882
Oceanport,40.315090000000005,-74.01746
Bettendorf,41.56722,-90.462
Hammonton,39.636509999999994,-74.80239
Wentzville,38.811440000000005,-90.85291
Commerce,42.59114,-83.49077
Livingston,40.79593,-74.31487
Walkerville,43.755173,-86.07585999999999
Chapel Hill,35.9132,-79.05584
Fort Lupton,40.096424,-104.80244
Emmitsburg,39.70454,-77.32693
Crane,38.89116,-86.90389
Normal,40.502163,-89.04007
Sullivan,39.584553,-88.6093
Wesley Chapel,28.18508,-82.35288
New Baltimore,39.98591,-78.7728
Brisbane,37.68646,-122.413086
Perkasie,40.37205,-75.29268
Shepherdstown,39.431213,-77.80714
Oak Creek,42.9118,-87.921906
Big Bend,42.89028,-88.19825
Sturtevant,42.715485,-87.91273000000001
Midway,31.82215,-81.39295
Holyoke,40.579456,-102.29019
Wyoming,42.88386,-85.70616
Alachua,29.782238,-82.47332
Mountlake Terrace,47.798504,-122.325226
McClellan,38.6603,-121.38799999999999
Eglin AFB,30.45907,-86.55026
Southampton,40.16834,-75.03730999999999
Conshohocken,40.07928,-75.30157
Jessup,41.463947,-75.5524
Ashley,41.5262,-85.06678000000001
Twentynine Palms,34.13556,-116.05417
Hinesville,31.845898,-81.5954
Long Island,40.61228,-73.42027
Jerome,42.724070000000005,-114.51865
Ford Island,21.36309,-157.96228
Maywood,41.87208,-87.84732
Granbury,32.4347,-97.7759
San Marino,34.1214,-118.10646000000001
Del Mar,32.96119,-117.26573
Nappanee,41.44283,-86.00139
Phillips,40.89723,-98.21478
Korea,38.63151,-78.01276999999999
Sauk Rapids,45.583694,-94.0572
Pataskala,39.959526000000004,-82.70659
Holbrook,40.81232,-73.07844
Clackamas,45.396679999999996,-122.53476
Wheat Ridge,39.772040000000004,-105.10141000000002
Willow Island,39.35841,-81.30816999999999
New Rochelle,40.916607,-73.78553000000001
Loves Park,42.32002,-89.05816
Toms River,39.954212,-74.193214
Navasota,30.388873999999998,-96.08454
Romeoville,41.647529999999996,-88.08951
Roselle,40.654877,-74.2826
Kilgore,32.405064,-94.89989
Rincon,32.329075,-81.256516
Wylie,33.00163,-96.55306
West Deptford,39.78798,-75.1813
Manalapan,40.257329999999996,-74.39571
North Miami,25.89009,-80.18670999999999
Willmar,45.12182,-95.043816
Fort George G Meade,39.10968,-76.73694
Rehoboth,41.847904,-71.25263000000001
Landenberg,39.763393,-75.80574
Bridgeville,40.378840000000004,-80.09533
Panama City Beach,30.158417,-85.763885
Hilton Head Island,32.143803000000005,-80.76049
Forest Hill,39.570507,-76.36106
Laplace,30.06659,-90.48008
Arcata,40.867805,-124.0935
Brodhead,42.615417,-89.38483000000001
Wauconda,42.27987,-88.146576
Comstock Park,43.0582,-85.66493
Weare,43.0948,-71.73063
New Town,47.98085,-102.49018000000001
Lackland AFB,29.38663,-98.61797
Glynco,31.22245,-81.5101
Dundee,41.95727,-83.65966
Braselton,34.10927,-83.76267
South Orange,40.746196999999995,-74.26079
Olivia,44.775223,-94.98917
Valdosta,30.8327,-83.27849
La Puente,34.028220000000005,-117.937996
Lake Bluff,42.278909999999996,-87.83424000000001
Fort Detrick,39.44155,-77.42408
Agana Heights,13.462720000000001,144.74326000000002
Limerick,40.19682,-75.53928
Cape Canaveral,28.40584,-80.60477
Plant City,28.003601,-82.097565
Egg Harbor Township,39.41323,-74.5757
Apple Creek,40.750443,-81.82938
Saxonburg,40.739326,-79.81618
Little Canada,44.9949,-93.1812
Colchester,44.511986,-73.18368000000001
Galveston,29.2997,-94.8211
Warrendale,40.666107000000004,-80.11261999999999
Iron River,46.092884000000005,-88.63763399999999
Milford Mill,39.347879999999996,-76.76997
Black Mountain,35.6179,-82.32123
Ridgeway,36.614395,-79.86496
Matawan,40.41483,-74.22959
Whittier,33.97918,-118.03284
Valhalla,41.07482,-73.77513
Bolton,42.429522999999996,-71.59893000000001
Lompoc,34.7388,-120.52506000000001
Wheeler Army Airfield,21.47587,-158.03738
Mauston,43.801064000000004,-90.09751
Joelton,36.313109999999995,-86.86528
Menands,42.69202,-73.72456
Schererville,41.47892,-87.45476
Brookshire,29.791973,-95.94655
Garden City Park,40.74093,-73.66263000000001
South Hackensack,40.8626,-74.04791999999999
Wellesley Hills,42.30843,-71.27866999999999
Sparks Glencoe,39.543240000000004,-76.68281999999999
White Marsh,39.383720000000004,-76.43218
Job,38.864166,-79.55722
San Gabriel,34.09778,-118.100784
Longwood,28.70305,-81.3384
Clovis,34.4048,-103.20523
Cudahy,42.959740000000004,-87.86147
Claremore,36.322666,-95.60464
Midwest City,35.44951,-97.3967
Walpole,43.026455,-72.43939
F E Warren AFB,41.166340000000005,-104.86275
New Richmond,45.10545,-92.54019
Ponchatoula,30.4329,-90.4569
North Baltimore,41.186935,-83.67557
Walla Walla,46.06458,-118.34302
Leonard,39.89643,-92.17851
Bayside,40.768440000000005,-73.77708
Kiln,30.40908,-89.43505
Lumber Bridge,34.8885,-79.07225
Saint Croix Falls,45.412895,-92.63361
Bensalem,40.1028,-74.929344
Barre,44.19801,-72.50208
Township of Moon,40.5134,-80.21006
Morton,39.906166,-75.33324
Milan,41.4288,-90.5717
Gwynedd Valley,40.18427,-75.25629
San Leandro,37.72493,-122.15608
Rutherford,40.82649,-74.10681
Kemmerer,41.79245,-110.53766999999999
Mountain Lakes,40.891684999999995,-74.43954000000001
Kearneysville,39.38816,-77.88555
Bolivia,34.0341,-78.16716
Kankakee,41.12003,-87.86115
HagÃ¥tÃ±a,13.47417,144.74778999999998
Fort Irwin,35.343123999999996,-116.61723
Pelham,40.90982,-73.80790999999999
Ocean City,38.3365,-75.08491
Bedford Park,41.762809999999995,-87.80006
Malin,42.01266,-121.4086
Kingwood,30.055815000000003,-95.1692
Moffett Field,37.415,-122.04806
Windham,43.808064,-70.42087
Visalia,36.33023,-119.29206
Anacortes,48.503933,-122.60406
Menasha,44.228992,-88.40153000000001
Irwin,40.356026,-79.677925
Richland Hills,32.81596,-97.22807
Williston,44.427659999999996,-73.08798
Harbor City,33.797367,-118.29645500000001
Bloomsbury,40.65399,-75.08655999999999
Vadnais Heights,45.05747,-93.07383
Westwood,40.991209999999995,-74.03264
Maple Plain,45.00719,-93.65579
Doswell,37.850143,-77.50608000000001
Denison,33.75566,-96.53666
Pine Grove,40.54842,-76.38468
Brockton,42.089874,-70.99146999999999
New Ulm,44.312459999999994,-94.46053
Kingsville,27.51587,-97.85611
North Austin,30.374654999999997,-97.67621
McGuire AFB,40.039770000000004,-74.58174
Crystal Lake,42.244254999999995,-88.310265
Clemmons,36.029236,-80.38346999999999
Springdale,36.2029,-94.1197
Ada,34.77453,-96.67834
Larkspur,37.934090000000005,-122.53525
Laredo,27.50641,-99.50754
Cynthiana,38.39035,-84.2941
Mayfield Village,41.555717,-81.47995
Holly,42.79197,-83.62773
Cullman,34.18014,-86.85110999999999
Standish,43.73591,-70.55199999999999
Pearl Harbor,21.355,-157.97221000000002
Crockett,31.270554999999998,-95.60889
Needham,42.283429999999996,-71.23283
Maiden,35.57569,-81.21175
Yuma,32.72532,-114.6244
East Greenwich,41.677975,-71.4909
Little Creek,38.2882,-77.3853
Ponte Vedra,30.173579999999998,-81.39563000000001
Groveport,39.850590000000004,-82.92579
International Falls,48.5822,-93.41149
Glen Rose,32.234590000000004,-97.75531
Carnegie,40.405229999999996,-80.0937
Point Mugu,34.08556,-119.06093999999999
Lewis Run,41.87444,-78.654
Port Orchard,47.52367,-122.66781999999999
Inkster,42.291637,-83.290375
Fair Oaks,38.6462,-121.26543999999998
Hermiston,45.850784000000004,-119.30213
Grand Island,40.92501,-98.34201
Rowland Heights,33.987213,-117.88803999999999
Cartersville,34.22847,-84.78953
Fort Hunter Liggett,35.95223,-121.23065
Tulare,36.205467,-119.34261000000001
Queen City,33.148740000000004,-94.15019000000001
American Fork,40.342896,-111.78425
Colts Neck,40.28761,-74.17237
Geyserville,38.6944,-122.8564
Dobbs Ferry,41.007220000000004,-73.864235
Morgan City,29.699370000000002,-91.20676999999999
Seal Beach,33.757908,-118.08613999999999
Lincolnville,33.006840000000004,-80.15536999999999
Carson City,39.1638,-119.7674
Wooster,40.80506,-81.93514
Havana,30.517633,-84.46461500000001
Lemont Furnace,39.91424,-79.66976
Camp Pendleton,33.21,-117.39
Taylorsville,40.6591,-111.92307
Griffith,41.550396,-87.428535
Riviera Beach,26.775340000000003,-80.0581
Benton City,46.271,-119.4914
Palm Desert,33.72775,-116.37185
Shiner,29.429129999999997,-97.17054
Fairchild AFB,47.63673,-117.65243500000001
Mojave,35.055073,-118.15536499999999
Monterey Park,34.062509999999996,-118.12285
Woodland Park,38.99388,-105.05693000000001
Shaker Heights,41.47394,-81.53707
Spencer,38.80363,-81.35406
Monmouth,44.84858,-123.227875
North Quincy,42.27704,-71.02033
Misenheimer,35.48486,-80.28839
North Haven,41.39093,-72.85954
Cedar Falls,42.48639,-92.44953000000001
Texarkana,33.42512,-94.04769
Whippany,40.82454,-74.4171
Lake Saint Louis,38.79755,-90.78568
Galesburg,40.94616,-90.36837
Haysville,37.564705,-97.350746
Ottumwa,41.024840000000005,-92.422165
Wilson,35.7034,-77.89923
Elkland,41.98618,-77.31081
Spicewood,30.47547,-98.15641
Wellington,37.266009999999994,-97.398926
Alhambra,34.095290000000006,-118.12701000000001
Glen Carbon,38.76054,-89.96766
Mason City,43.15357,-93.20104
Midwest,40.643,-93.098
Liberty Lake,47.67719,-117.09388
Bellefontaine,40.362625,-83.78434
Duty,37.0815,-82.1518
Willoughby,41.631207,-81.43519599999999
Greer,34.856884,-82.23299399999999
Dade City,28.364262,-82.187325
McCamey,31.13598,-102.2243
East Bernard,29.532321999999997,-96.08787
Uniondale,40.700379999999996,-73.59291
Export,40.41812,-79.6256
Anniston,33.65983,-85.83163
Ghent,38.732983000000004,-85.072815
Cottondale,33.200554,-87.40106
Farmingdale,40.72639,-73.42894
Layton,41.08299,-111.97528999999999
Addyston,39.136612,-84.71634
Guaynabo,18.35745,-66.111
Delafield,43.06084,-88.40371
Peterborough,42.87064,-71.95175
Township of Randolph,40.8501,-74.56626999999999
Oviedo,28.648106,-81.21007
New Britain,41.66688,-72.77131
Flint,43.01253,-83.68746
Weehawken,40.76955,-74.02042
Rio Hondo,26.236846999999997,-97.578735
Lakeland,28.0438,-81.95519
Hillburn,41.12143,-74.169525
Del Rio,29.36273,-100.89676
San Pedro,33.73585,-118.29229
Ayer,42.574825,-71.59969
Fuquay-Varina,35.58432,-78.80001
Laguna Beach,33.549618,-117.77963000000001
Otsego,42.449123,-85.69718
Moreno Valley,33.915794,-117.163895
Junior,38.97871,-79.94951999999999
Malden,42.420284,-71.07141999999999
Ridgefield,40.834270000000004,-74.00875
Howard,40.959415,-77.7664
Benton Harbor,42.149124,-86.44102
Vallejo,38.10409,-122.25663999999999
Rushville,39.63948,-85.44407
Crossville,35.94896,-85.0269
Carroll,44.2984,-71.54064
Benton,35.168194,-84.63766
Nisswa,46.492043,-94.316185
Reynoldsburg,39.96257,-82.78385
Burnsville,44.76774,-93.27772
Sylva,35.37149,-83.24179000000001
Stanley,38.5754,-78.50251
Fort Bliss,31.813570000000002,-106.41224
Beale AFB,39.11058,-121.35792
Galway,43.01869,-74.03152
Glen Arm,39.4487,-76.50050999999999
Ambler,40.15455,-75.22157
Melrose,45.674618,-94.81067
Fleming Island,30.106436,-81.7115
Weston,26.057117,-80.36832
Mill Hall,41.10729,-77.48443
Muncie,40.19338,-85.38636
New Hampton,41.41843,-74.42403399999999
Middleburg Heights,41.36144,-81.81291
White Sands,32.38093,-106.47944
New Smyrna Beach,29.041712,-80.94173
Willows,39.524044,-122.19937
Easley,34.837414,-82.62867
Henniker,43.1798,-71.8223
Mossville,40.8192,-89.5666
Westbrook,43.684845,-70.35712
Pocola,35.208,-94.4919
Edinburg,26.301740000000002,-98.16334
Caledonia,42.8078,-87.92425
Shafter,35.50051,-119.27178
Poulsbo,47.75735,-122.668945
Loop,32.91537,-102.41601999999999
Tipp City,39.97743,-84.205696
Gallipolis,38.8098,-82.20237
Newtown Square,39.97817,-75.41638
Fountain Hills,33.569706,-111.72645
Glassboro,39.702890000000004,-75.11184
Rancho Palos Verdes,33.74446,-118.38701999999999
Jonesboro,35.824806,-90.697174
Trinity,34.606759999999994,-87.08835
Indianola,41.31504,-93.57204
Fort Payne,34.44425,-85.71969
Cupertino,37.323,-122.03218000000001
Manteca,37.790222,-121.212814
Warrensburg,38.76279,-93.73605
Baraboo,43.471090000000004,-89.74429
White Sands Missile Range,32.56299,-106.56988
Seminole,35.2672,-96.6711
Point Comfort,28.67972,-96.56025
Rochelle Park,40.90732,-74.07514
Fort Leonard Wood,37.826763,-92.21859
Carpentersville,42.125225,-88.26342
Corning,42.14317,-77.05215
Belgrade,45.77604,-111.1769
Buellton,34.6226,-120.2018
New Hyde Park,40.7351,-73.68791
Millsboro,38.5915,-75.2913
Dickson,36.077,-87.38779
Halsey,44.384009999999996,-123.10981000000001
Avondale,39.822055999999996,-75.77722
Wappingers Falls,41.63534,-73.86345
Geneseo,42.788902,-77.77165
Royalton,43.8159,-72.54565
Conklin,42.06539,-75.81878
Rolling Meadows,42.051193,-88.01598
Ridley Park,39.88122,-75.3238
Black River Falls,44.30608,-90.80250500000001
Raeford,34.981,-79.2242
Amesbury,42.85675,-70.92896
Kahuku,21.702662,-157.99628
Aventura,25.95648,-80.13920999999999
East Hanover,40.81758,-74.34536
Pocasset,41.707405,-70.58406
Indian Lake,26.085,-97.4616
Plaquemine,30.28908,-91.23427
Allendale,41.04149,-74.12903
Kenner,29.988619,-90.25044
Saint James,43.982459999999996,-94.62692
Pardeeville,43.53776,-89.30011999999999
Milton,30.633995000000002,-87.04625
Zelienople,40.748028000000005,-80.115
Chancellor,43.3722,-96.98700000000001
Glendora,34.145313,-117.85335500000001
San Lorenzo,37.68104,-122.12441000000001
Minooka,41.45531,-88.26173
Marathon,42.44174,-76.03215
Wauwatosa,43.084152,-88.036964
Potomac,39.000071999999996,-77.18526
Miles City,46.406006,-105.84719
Nibley,41.679024,-111.85118
Laramie,41.311370000000004,-105.5911
Wallops Island,37.86257,-75.462906
Belcamp,39.469,-76.23329
Holliston,42.2295,-71.42528
Walled Lake,42.542137,-83.4562
Kitts,36.855920000000005,-83.29518
Bluefield,37.26984,-81.22232
Randolph,43.92507,-72.66594
East Bend,36.21755,-80.52009
Nellis AFB,36.24607,-115.05721000000001
Easton,40.701138,-75.24135600000001
Sharon Springs,42.79591,-74.61709
Ukiah,39.15266,-123.20228
Ennis,32.32931,-96.62527
Kearny Mesa,32.779540000000004,-117.14635
Lake Wales,27.90141,-81.58591
Walworth,42.525420000000004,-88.60249
Thornton,39.922173,-104.98338999999999
Franklin Lakes,41.01676,-74.2057
Columbia Falls,48.37246,-114.18151999999999
Royal Oak,42.486290000000004,-83.14444
Cedar Grove,43.567677,-87.81835
Setauket-East Setauket,40.930640000000004,-73.10178
Elkview,38.44288,-81.4804
Hot Springs,34.5037,-93.05518000000001
Prudhoe Bay,70.29222,-148.66943
Smoketown,40.03927,-76.1994
Muscatine,41.435833,-90.90444000000001
Avon Lake,41.490559999999995,-82.0472
Mountain Top,40.106770000000004,-75.95272
West Seneca,42.85006,-78.79975
Neodesha,37.416779999999996,-95.67827
Tukwila,47.47399,-122.26096000000001
Allegheny,40.469879999999996,-80.0157
Cooper City,26.05731,-80.27172
Shalimar,30.44575,-86.57911999999999
Forest City,35.33401,-81.8651
Tinker AFB,35.41888,-97.39520999999999
Ottoville,40.93227,-84.33884
Middlebury,41.52787,-73.12761
Oconomowoc,43.11152,-88.500175
Titusville,28.629833,-80.82249
Woodside,40.743107,-73.906136
North Hollywood,34.212723,-118.388374
Winter Garden,28.574694,-81.562035
Ochelata,36.60324,-95.98438
Naval Air Station/ Jrb,32.7765,-97.42338000000001
Castle Rock,39.368805,-104.85977
Clifton Park,42.865629999999996,-73.77095
Wilcox,41.57562,-78.68836
Wisconsin Rapids,44.38835,-89.79035
Telford,40.342735,-75.30373399999999
Yorba Linda,33.90402,-117.83646999999999
Mercer Island,47.57065,-122.22207
DeRidder,30.845488,-93.32025
Landover,38.934,-76.89664
Indio,33.72058,-116.21556000000001
Albertson,40.7748,-73.6428
Haverford,40.01317,-75.29435
Travis AFB,38.249443,-122.03889
Temple,31.090165999999996,-97.37905
Niskayuna,42.79578,-73.86744
Brewer,44.79674,-68.76142
Pentagon,38.90618,-76.98722
Hamburg,41.14848,-74.57348
Minot,48.23251,-101.29626999999999
Pico Rivera,34.004196,-118.09593000000001
Celebration,28.325290000000003,-81.53313
Oakley,37.99742,-121.71245
Yauco,18.035255,-66.86332
Ephrata,40.17982,-76.17884000000001
Dunmore,41.420506,-75.625
Manassas Park,38.784,-77.46970999999999
Wpafb,39.79145,-84.0688
New London,35.4432,-80.21921999999999
Leonardtown,38.29124,-76.63579
Hopewell Junction,41.543440000000004,-73.82359
High Springs,29.827571999999996,-82.60016999999999
Pleasant Grove,40.36412,-111.73853999999999
McCordsville,39.9081,-85.92276
Kentwood,42.909775,-85.58829
Yuba City,38.995495,-121.62196999999999
Aliso Viejo,33.56504,-117.72712
Warrenville,41.8153,-88.1569
Kosciusko,33.057503000000004,-89.59113
East Granby,41.93374,-72.71374
Grand Blanc,42.92753,-83.62995
Staunton,38.14958,-79.0717
Gordon,32.882090000000005,-83.33238
Orogrande,32.37121,-106.08443
